user_id,label-pass-fail
1593,0.0
1626,1.0
1787,1.0
1824,1.0
1836,1.0
1856,1.0
1938,0.0
2012,0.0
2077,1.0
2080,1.0
2155,1.0
2264,0.0
2560,1.0
2579,1.0
2590,1.0
2654,1.0
2804,1.0
2812,1.0
2889,1.0
3107,0.0
3191,1.0
3214,1.0
3227,1.0
3290,1.0
3331,1.0
3371,1.0
3378,1.0
3434,1.0
3504,1.0
3518,0.0
3551,1.0
3731,0.0
3762,1.0
3764,0.0
3891,1.0
3952,0.0
3982,1.0
4036,1.0
4165,1.0
4167,0.0
4249,1.0
4336,1.0
4787,0.0
5038,1.0
5092,0.0
5565,1.0
5699,1.0
5741,1.0
5776,1.0
5896,0.0
5929,1.0
5971,1.0
6099,1.0
6234,0.0
6255,1.0
6288,1.0
6329,1.0
6372,1.0
6462,0.0
6472,1.0
6795,1.0
6808,0.0
6818,1.0
7153,1.0
7192,1.0
7316,1.0
7489,1.0
7524,0.0
7550,0.0
8036,1.0
8191,1.0
8246,1.0
8261,1.0
8380,0.0
8457,0.0
8516,1.0
8520,1.0
8875,1.0
8913,0.0
9303,1.0
9326,1.0
9507,0.0
10075,1.0
10190,1.0
10538,1.0
10892,0.0
10923,1.0
10967,1.0
11215,1.0
11367,1.0
11534,1.0
11613,0.0
11794,0.0
11904,1.0
11989,1.0
12146,1.0
12154,1.0
12241,0.0
12392,1.0
12424,1.0
12557,0.0
12616,0.0
12684,1.0
12803,1.0
12830,1.0
12878,1.0
13071,1.0
13391,0.0
13466,1.0
13701,0.0
13720,1.0
13804,0.0
13886,1.0
13936,1.0
13970,1.0
14101,0.0
14255,1.0
14379,1.0
14519,1.0
14912,1.0
14992,0.0
15245,0.0
15579,1.0
15649,0.0
15762,1.0
15892,1.0
16195,1.0
16200,1.0
16749,1.0
16979,1.0
17070,0.0
17167,1.0
17443,1.0
17444,1.0
17583,1.0
17814,1.0
18108,0.0
18403,0.0
18455,1.0
19195,0.0
19282,1.0
19358,1.0
19412,1.0
19561,1.0
19562,1.0
19942,0.0
20108,1.0
20248,1.0
20321,1.0
20413,0.0
20425,1.0
20490,1.0
20498,1.0
20695,1.0
21058,0.0
21202,1.0
21563,1.0
21615,1.0
21923,1.0
21971,1.0
22599,1.0
22747,1.0
22894,1.0
23129,1.0
23552,0.0
23725,1.0
23796,1.0
23911,1.0
24083,1.0
24617,1.0
24635,0.0
25163,1.0
25505,1.0
25694,1.0
25981,1.0
26285,1.0
26960,0.0
27061,1.0
27553,1.0
27632,1.0
27914,1.0
28096,1.0
28308,0.0
28557,1.0
28594,1.0
29005,1.0
30057,1.0
30096,0.0
30310,1.0
30356,1.0
30409,1.0
30725,1.0
30815,1.0
31387,0.0
31471,1.0
32027,1.0
32127,1.0
32514,1.0
32658,1.0
32775,1.0
32922,1.0
33196,1.0
33248,1.0
33355,1.0
33870,1.0
34027,1.0
34285,1.0
34456,1.0
34502,1.0
34984,1.0
35201,1.0
35483,1.0
35532,1.0
36083,1.0
36269,1.0
36325,1.0
36406,1.0
36422,1.0
36903,0.0
37213,0.0
37680,1.0
37918,1.0
38046,1.0
38606,1.0
39356,1.0
39731,1.0
39807,1.0
40404,1.0
40961,0.0
41083,1.0
42201,1.0
42272,0.0
42388,1.0
42470,1.0
42735,1.0
42840,1.0
43199,1.0
44033,1.0
44232,1.0
44422,1.0
44489,1.0
44499,1.0
44551,1.0
44821,1.0
45019,0.0
45196,1.0
45258,1.0
45443,1.0
45450,0.0
46038,0.0
46250,1.0
46277,1.0
46396,1.0
46567,1.0
46892,1.0
47203,1.0
47247,0.0
47444,1.0
47780,0.0
47883,1.0
48288,1.0
48488,0.0
48906,1.0
49070,1.0
49709,1.0
50274,0.0
50331,1.0
50406,1.0
51653,1.0
52228,1.0
52428,1.0
52670,1.0
53170,1.0
53260,0.0
53378,0.0
53895,1.0
53906,1.0
53948,1.0
53971,1.0
54260,1.0
54964,0.0
55072,1.0
56191,1.0
56294,1.0
56796,1.0
56827,1.0
57379,0.0
58702,0.0
59190,1.0
60239,1.0
62094,0.0
62244,1.0
62432,1.0
63173,1.0
63452,1.0
63466,1.0
64085,0.0
64642,1.0
64730,1.0
64782,1.0
64846,1.0
65445,1.0
65619,1.0
65936,1.0
65952,1.0
66436,1.0
66610,1.0
66731,1.0
66816,0.0
67250,1.0
67328,0.0
67522,1.0
67572,0.0
67573,0.0
67585,1.0
67677,1.0
67838,1.0
67961,1.0
67989,1.0
67993,0.0
68251,1.0
68272,1.0
68349,1.0
68399,0.0
68445,1.0
68481,1.0
68631,1.0
68741,0.0
68880,1.0
68883,0.0
68971,0.0
69135,0.0
69152,0.0
69185,1.0
69222,1.0
69326,1.0
69348,1.0
69360,0.0
69595,1.0
69691,1.0
69746,0.0
69838,1.0
69855,1.0
69868,0.0
69920,1.0
69995,1.0
70023,1.0
70231,1.0
70261,1.0
70305,0.0
70335,1.0
70336,1.0
70626,0.0
70634,0.0
70771,1.0
70855,1.0
70878,1.0
70907,1.0
70967,1.0
70992,0.0
71145,1.0
71181,1.0
71276,0.0
71463,1.0
71678,0.0
72227,1.0
72262,1.0
72386,0.0
72424,1.0
72514,1.0
73089,1.0
73157,1.0
73315,1.0
73561,0.0
73788,1.0
73950,1.0
73991,1.0
74001,1.0
74102,0.0
74357,1.0
74541,0.0
74703,0.0
74718,0.0
75094,1.0
75245,1.0
75290,0.0
75782,1.0
76299,1.0
76571,1.0
76651,0.0
77263,1.0
77381,0.0
77845,1.0
78026,0.0
78315,0.0
78492,1.0
78547,1.0
79225,1.0
79255,1.0
79315,0.0
79454,1.0
79712,1.0
80148,0.0
80253,1.0
80503,1.0
80586,1.0
80633,0.0
81062,0.0
81110,0.0
81346,1.0
81358,0.0
81438,1.0
81651,1.0
81724,0.0
82040,1.0
82313,1.0
82490,1.0
82905,1.0
82943,1.0
83272,1.0
83666,1.0
83815,1.0
83857,0.0
83907,1.0
84118,1.0
84383,1.0
84634,0.0
84909,1.0
85064,1.0
85247,1.0
85288,0.0
85599,0.0
86088,0.0
86186,1.0
86479,0.0
86545,1.0
86767,1.0
86819,1.0
86856,1.0
86919,1.0
87040,1.0
87127,1.0
88367,0.0
88402,0.0
88823,1.0
88869,1.0
89139,1.0
89308,0.0
89502,1.0
89520,0.0
89601,0.0
89805,1.0
89899,1.0
89910,1.0
89943,1.0
90005,1.0
90029,0.0
90059,1.0
90145,1.0
90232,1.0
90652,0.0
90757,0.0
90908,1.0
91248,1.0
91721,1.0
91756,1.0
91820,1.0
91859,0.0
92043,1.0
92133,1.0
92501,1.0
92852,1.0
92863,1.0
93016,0.0
93063,1.0
93749,1.0
93822,1.0
93833,1.0
93974,1.0
94602,0.0
94907,1.0
95008,0.0
95217,1.0
95295,1.0
95314,1.0
96016,0.0
96398,1.0
96518,1.0
96886,0.0
97017,1.0
97534,1.0
97850,1.0
98336,1.0
99287,1.0
99860,1.0
100556,1.0
100701,0.0
101435,1.0
101456,1.0
101589,0.0
101621,1.0
101722,1.0
102056,1.0
102607,1.0
102720,1.0
103464,1.0
104148,1.0
104264,0.0
104524,1.0
104769,1.0
105111,1.0
105503,1.0
105528,1.0
105777,0.0
105907,1.0
106016,1.0
106033,1.0
106218,1.0
106551,1.0
107009,0.0
107544,0.0
107613,1.0
107875,1.0
107965,0.0
107986,0.0
107993,0.0
109087,1.0
109148,1.0
109282,0.0
109572,1.0
109720,1.0
109843,1.0
109865,0.0
109907,1.0
110038,1.0
110664,1.0
110666,0.0
111385,0.0
111440,1.0
111695,0.0
111917,0.0
112141,1.0
112437,1.0
112441,1.0
112891,1.0
113307,1.0
113499,1.0
113745,1.0
113853,1.0
114004,1.0
114212,0.0
114610,1.0
114841,0.0
115830,1.0
115866,0.0
115953,1.0
115984,1.0
116014,1.0
116748,0.0
117363,1.0
117667,1.0
117749,1.0
117881,1.0
118125,1.0
118263,1.0
118557,1.0
118650,0.0
118838,1.0
119232,0.0
119462,1.0
119527,0.0
119928,1.0
120071,0.0
120158,1.0
120312,1.0
120432,1.0
120641,1.0
121478,1.0
121815,1.0
121851,1.0
122270,1.0
122308,1.0
122331,1.0
122358,1.0
122582,0.0
122669,1.0
122857,1.0
123004,1.0
123320,1.0
123326,1.0
123447,1.0
123904,1.0
123987,1.0
124039,1.0
124381,1.0
124480,1.0
124519,1.0
124707,0.0
125193,1.0
125267,1.0
125290,0.0
125348,1.0
125533,0.0
125534,1.0
125567,1.0
125601,1.0
125831,1.0
125977,1.0
126510,0.0
126554,1.0
126612,0.0
126664,0.0
126916,1.0
127008,0.0
127621,1.0
128004,0.0
128095,1.0
128180,1.0
128347,1.0
128455,1.0
128829,0.0
128900,1.0
129123,1.0
129692,1.0
129789,1.0
129967,1.0
130304,1.0
130346,1.0
130550,1.0
130593,1.0
130651,1.0
131427,1.0
131836,1.0
132438,1.0
132654,1.0
133054,1.0
133199,1.0
133230,0.0
133456,1.0
134157,1.0
134516,1.0
135107,0.0
135419,1.0
135451,1.0
135458,0.0
135515,1.0
135856,0.0
135877,0.0
135977,0.0
136164,0.0
136237,1.0
136636,1.0
136780,0.0
136946,0.0
137024,1.0
137226,1.0
137280,1.0
137341,0.0
137359,1.0
137396,0.0
137460,0.0
137529,1.0
137557,1.0
137642,1.0
137793,1.0
137984,0.0
137985,1.0
138069,1.0
138097,0.0
139132,1.0
139839,0.0
140107,1.0
140185,1.0
140250,0.0
140652,1.0
140917,1.0
141137,1.0
141547,1.0
142049,1.0
142059,1.0
142110,1.0
142274,1.0
142311,1.0
142423,0.0
142766,1.0
142944,1.0
143275,1.0
143659,1.0
143892,1.0
143922,1.0
144140,1.0
144805,1.0
144877,0.0
145072,1.0
145097,1.0
145177,1.0
145187,1.0
145236,0.0
145376,1.0
145443,1.0
145594,1.0
145866,1.0
145972,0.0
146073,1.0
146336,1.0
146601,1.0
146999,1.0
147080,0.0
148195,1.0
148316,1.0
148987,0.0
149165,1.0
149382,1.0
149917,1.0
150156,1.0
150253,0.0
150773,1.0
150837,1.0
150972,0.0
151062,0.0
151369,1.0
151394,1.0
152540,1.0
152546,1.0
152616,0.0
152752,1.0
153156,0.0
153254,0.0
153290,1.0
153643,1.0
153727,0.0
153793,1.0
153982,0.0
154386,1.0
154610,1.0
154741,1.0
155572,0.0
155595,0.0
155608,1.0
155680,1.0
155950,0.0
156091,0.0
156141,1.0
156269,1.0
156465,0.0
156511,1.0
156722,1.0
156872,0.0
156954,1.0
156961,1.0
157185,0.0
157400,0.0
157888,0.0
158470,1.0
158822,1.0
158892,1.0
159214,1.0
159508,1.0
159548,0.0
159585,1.0
159754,1.0
159872,0.0
160312,0.0
161154,1.0
161200,1.0
161528,1.0
161820,1.0
162539,0.0
162920,1.0
163045,1.0
163787,1.0
164967,1.0
164968,1.0
165168,1.0
165257,0.0
165816,1.0
166047,1.0
166152,0.0
166188,1.0
166638,1.0
166879,1.0
167693,1.0
168269,0.0
168588,1.0
168971,1.0
169188,0.0
169488,0.0
170231,1.0
171517,1.0
171823,1.0
172702,1.0
172798,1.0
173355,1.0
173524,1.0
173625,0.0
174119,1.0
174792,0.0
175321,1.0
175337,1.0
175370,1.0
176118,1.0
176700,1.0
176744,1.0
177259,1.0
177295,1.0
178204,0.0
180402,1.0
181628,1.0
182042,1.0
182548,0.0
183246,1.0
183641,1.0
184010,1.0
184687,1.0
184866,1.0
185151,1.0
185651,0.0
186089,0.0
186499,1.0
186719,1.0
186814,1.0
187033,0.0
187047,1.0
188252,1.0
188461,1.0
188784,0.0
188929,1.0
190672,1.0
191169,0.0
191230,1.0
191374,1.0
191930,1.0
192398,0.0
192610,1.0
192827,1.0
193698,1.0
193749,0.0
193864,1.0
194129,1.0
194309,1.0
194595,1.0
194956,1.0
194981,1.0
195193,1.0
195317,1.0
195478,1.0
195495,1.0
196850,1.0
197321,0.0
197942,1.0
199383,1.0
199789,1.0
201331,1.0
201544,1.0
201571,0.0
201719,1.0
201806,1.0
201934,1.0
202081,0.0
202243,0.0
202527,1.0
202635,1.0
204432,1.0
204650,1.0
205396,0.0
205526,0.0
205591,1.0
206193,1.0
206358,1.0
206513,1.0
206816,0.0
206919,1.0
208711,1.0
209365,0.0
210438,0.0
210559,1.0
211751,0.0
211849,1.0
212033,1.0
212083,0.0
212154,1.0
213166,1.0
213323,1.0
213514,1.0
214592,1.0
214961,1.0
216058,1.0
216188,1.0
216264,1.0
217327,1.0
218336,1.0
218484,1.0
219099,1.0
219217,1.0
219285,0.0
219770,0.0
220428,1.0
220631,1.0
220678,0.0
220952,1.0
220978,1.0
221204,0.0
221286,1.0
221434,0.0
221531,1.0
222116,0.0
222154,1.0
222658,1.0
222910,1.0
222977,0.0
223031,1.0
223346,1.0
223371,0.0
223445,0.0
224333,1.0
224867,1.0
225171,0.0
225794,1.0
226031,1.0
226042,0.0
226244,1.0
226566,1.0
226699,1.0
226722,1.0
226724,0.0
227745,1.0
227849,1.0
228607,1.0
229711,1.0
229961,1.0
230146,0.0
230353,0.0
230893,1.0
231633,1.0
231949,1.0
232138,1.0
232445,1.0
232573,0.0
233092,1.0
233098,1.0
233192,0.0
233656,1.0
233815,1.0
234145,1.0
234446,1.0
234456,0.0
234692,1.0
235142,1.0
235439,1.0
236158,1.0
236183,1.0
236724,1.0
236761,1.0
236785,1.0
236813,1.0
236948,1.0
236983,1.0
236999,1.0
237314,1.0
238597,1.0
239415,0.0
239422,0.0
239430,1.0
239564,1.0
239810,1.0
240174,0.0
240228,1.0
240260,0.0
240381,1.0
240499,1.0
240751,0.0
240871,0.0
241110,0.0
241868,1.0
242549,1.0
242650,1.0
243354,0.0
243387,1.0
243554,0.0
243584,1.0
244374,1.0
244482,1.0
244969,0.0
245020,1.0
245134,1.0
245493,0.0
247483,1.0
250595,1.0
251726,0.0
252771,1.0
254799,1.0
258482,0.0
258707,0.0
259360,1.0
260915,1.0
261903,0.0
261968,1.0
263303,0.0
264085,0.0
266142,1.0
266438,0.0
267632,1.0
269502,1.0
269510,1.0
269710,0.0
270585,1.0
276043,0.0
277810,0.0
280662,1.0
281179,0.0
281182,1.0
281584,0.0
281950,1.0
282164,1.0
282381,1.0
282567,1.0
282742,1.0
282946,1.0
283524,1.0
283591,1.0
283633,1.0
283783,1.0
284121,1.0
284853,1.0
286289,1.0
286379,1.0
288397,1.0
288639,1.0
289063,0.0
289206,1.0
290857,1.0
291871,0.0
292454,1.0
292570,1.0
293175,0.0
293435,1.0
293762,1.0
293844,1.0
294165,1.0
294251,1.0
295681,1.0
295925,0.0
296024,0.0
296106,1.0
297458,1.0
297488,1.0
299093,1.0
299409,1.0
300258,1.0
301380,1.0
303194,1.0
303877,1.0
304324,1.0
304789,1.0
305020,1.0
305135,1.0
305169,1.0
305333,1.0
306220,1.0
306288,1.0
306366,0.0
306724,1.0
307127,1.0
307773,1.0
309296,1.0
309612,1.0
310330,1.0
310996,1.0
311507,1.0
311695,1.0
313372,1.0
314150,1.0
314493,1.0
314607,1.0
314954,1.0
315219,0.0
317737,1.0
317794,1.0
318494,1.0
318887,1.0
319602,0.0
320338,0.0
320511,1.0
320721,1.0
321074,0.0
321415,0.0
322180,1.0
322991,1.0
323322,1.0
323605,1.0
324226,1.0
324388,1.0
324591,1.0
324669,1.0
325822,1.0
325837,1.0
325891,0.0
326450,1.0
326627,1.0
327096,1.0
327500,0.0
328023,1.0
328132,1.0
328681,1.0
329105,1.0
330085,1.0
330182,1.0
331553,0.0
331666,0.0
332100,1.0
332258,1.0
332476,1.0
333068,1.0
333297,1.0
333305,1.0
334749,1.0
335501,1.0
336147,0.0
336591,1.0
337572,0.0
337732,1.0
338294,1.0
338401,1.0
338480,1.0
338581,1.0
339614,1.0
340155,1.0
340349,1.0
340549,1.0
341435,0.0
342070,0.0
342497,1.0
342994,0.0
343840,0.0
343843,1.0
344200,1.0
344863,1.0
344899,1.0
345338,1.0
347094,1.0
347113,0.0
347425,1.0
347632,0.0
348382,1.0
348441,0.0
349005,1.0
350002,1.0
350170,1.0
350530,1.0
351276,1.0
351742,1.0
351786,1.0
352903,0.0
353198,1.0
353505,1.0
353901,0.0
353918,1.0
354423,1.0
354489,0.0
354826,1.0
355042,1.0
356421,1.0
356612,1.0
357518,1.0
357560,1.0
358551,1.0
359179,0.0
361274,1.0
361486,1.0
361944,1.0
362467,1.0
363023,1.0
363155,0.0
363391,0.0
363527,1.0
364014,1.0
364121,1.0
364195,1.0
364316,0.0
364970,1.0
365451,1.0
366063,0.0
366418,1.0
366620,0.0
366977,1.0
367743,1.0
368670,0.0
370780,1.0
370889,1.0
371093,1.0
371630,0.0
371975,1.0
372133,1.0
372198,0.0
372288,1.0
373594,1.0
373637,1.0
374184,0.0
374237,1.0
374693,0.0
374891,1.0
375542,1.0
375974,1.0
376360,1.0
376458,1.0
376880,0.0
377088,1.0
377893,1.0
377896,0.0
378277,1.0
378611,1.0
378622,0.0
379350,0.0
379563,1.0
379800,0.0
380226,1.0
380410,1.0
381766,1.0
381794,1.0
381912,0.0
382118,1.0
383031,1.0
384509,1.0
385279,1.0
385698,1.0
386538,1.0
387345,1.0
388566,1.0
390193,0.0
390752,1.0
393358,1.0
396035,1.0
398320,1.0
398718,0.0
398731,1.0
398745,1.0
398955,1.0
399759,1.0
400046,1.0
401403,1.0
401656,0.0
402226,1.0
402229,0.0
402824,1.0
403004,0.0
403708,1.0
404108,1.0
404434,1.0
404920,1.0
406126,1.0
407319,1.0
407339,1.0
407668,1.0
408969,1.0
409769,0.0
409798,0.0
409864,0.0
410114,1.0
410249,1.0
410477,1.0
411040,0.0
411067,1.0
411093,1.0
411397,0.0
411461,1.0
414021,0.0
414121,1.0
414886,0.0
415598,0.0
416524,0.0
420153,1.0
420219,1.0
420283,1.0
420284,0.0
421410,1.0
421877,1.0
423361,1.0
423806,1.0
423919,1.0
425441,1.0
425458,1.0
425527,1.0
427661,1.0
427772,1.0
427822,1.0
427937,1.0
428319,0.0
428323,1.0
428349,1.0
428610,1.0
428706,1.0
428744,1.0
428782,1.0
429779,1.0
430493,1.0
430823,1.0
431220,1.0
432066,1.0
432168,0.0
432259,1.0
432558,1.0
432598,1.0
432793,1.0
433067,1.0
434135,1.0
435590,1.0
435773,0.0
436639,1.0
436659,1.0
436663,1.0
437133,1.0
437301,0.0
437486,1.0
437580,1.0
440432,0.0
440877,1.0
441787,1.0
442758,1.0
443205,1.0
443314,1.0
446206,1.0
446231,1.0
446408,0.0
448117,1.0
448616,1.0
448959,1.0
449885,1.0
451016,1.0
451959,1.0
452164,1.0
452310,1.0
452892,1.0
453035,1.0
453526,1.0
453792,1.0
455491,1.0
456177,1.0
456251,0.0
458622,1.0
459705,1.0
460152,0.0
461481,1.0
464264,1.0
465752,1.0
465895,1.0
466588,1.0
466630,1.0
468037,1.0
468416,1.0
468633,1.0
469277,1.0
470179,1.0
470586,0.0
470764,1.0
472147,1.0
474582,1.0
474947,1.0
475125,1.0
475460,1.0
476448,1.0
476961,1.0
480370,0.0
482623,1.0
483016,0.0
483300,1.0
483603,0.0
484040,1.0
485373,1.0
485841,0.0
486347,0.0
486374,0.0
487463,1.0
487859,1.0
487866,1.0
489184,1.0
489616,1.0
490228,1.0
490356,1.0
491709,0.0
493113,0.0
493441,0.0
493520,0.0
495336,1.0
495413,1.0
495705,1.0
496014,1.0
496919,0.0
497283,1.0
497554,1.0
497673,1.0
498831,1.0
498890,1.0
499207,1.0
499883,1.0
500021,1.0
501280,1.0
502678,0.0
503409,1.0
503637,1.0
504695,1.0
505115,1.0
505167,1.0
505854,1.0
505905,1.0
505990,1.0
506097,1.0
506458,1.0
507019,1.0
508592,1.0
509310,1.0
509693,1.0
510381,1.0
510943,1.0
513438,1.0
513580,0.0
513965,0.0
514216,0.0
515089,1.0
515598,1.0
516090,0.0
516321,1.0
516539,1.0
516896,0.0
517831,1.0
519423,1.0
522265,1.0
522305,1.0
522750,1.0
523095,1.0
523377,1.0
523446,1.0
525881,0.0
526109,0.0
526325,1.0
527221,1.0
528667,1.0
529667,1.0
529862,1.0
530632,1.0
531274,1.0
531382,1.0
531694,1.0
532545,0.0
532803,1.0
533109,1.0
533185,1.0
533649,1.0
534272,1.0
534539,0.0
536066,1.0
538172,1.0
540303,0.0
541780,1.0
542911,1.0
544634,0.0
545350,1.0
545991,0.0
546230,1.0
547763,1.0
547962,1.0
548055,0.0
548160,1.0
548512,0.0
548999,1.0
550046,1.0
550774,0.0
553320,0.0
553885,1.0
553985,1.0
554565,1.0
554607,0.0
555128,1.0
561675,1.0
562807,1.0
564129,0.0
564335,1.0
564561,1.0
564632,1.0
567001,1.0
567169,0.0
567287,1.0
567705,1.0
567835,1.0
568889,1.0
569750,1.0
569989,1.0
570201,1.0
570261,1.0
570347,1.0
570653,1.0
571092,1.0
571777,1.0
572592,1.0
573378,0.0
573757,1.0
573945,1.0
575640,0.0
575825,1.0
577280,1.0
580267,1.0
581105,1.0
581118,0.0
581131,1.0
581339,0.0
581526,1.0
582322,1.0
582885,0.0
583603,1.0
584279,1.0
584281,0.0
585311,1.0
586286,1.0
586885,1.0
586917,1.0
587160,1.0
589150,0.0
589991,1.0
590296,0.0
590307,0.0
590583,1.0
591123,1.0
591280,0.0
591699,1.0
591725,1.0
591739,1.0
592127,0.0
592427,1.0
593648,0.0
593839,1.0
593908,1.0
593930,1.0
594025,1.0
594142,1.0
594476,1.0
595008,0.0
595078,1.0
595246,1.0
596699,1.0
596743,1.0
597293,1.0
597402,0.0
597922,1.0
597971,1.0
598373,0.0
598781,0.0
600147,1.0
601123,0.0
601907,1.0
602039,1.0
602239,1.0
602355,1.0
603058,1.0
603606,1.0
605589,0.0
606067,1.0
606136,0.0
606156,1.0
606447,1.0
607142,1.0
607350,0.0
607511,0.0
607648,1.0
607728,1.0
608198,1.0
608586,1.0
611530,1.0
611621,0.0
613991,1.0
617789,0.0
619166,1.0
619335,1.0
619756,1.0
620265,1.0
620308,1.0
620973,0.0
621278,1.0
623359,0.0
623515,1.0
624041,1.0
625006,1.0
625352,1.0
628219,1.0
629077,1.0
630439,1.0
630965,0.0
631263,1.0
632265,0.0
632694,0.0
633295,1.0
634424,1.0
636844,1.0
637889,1.0
638969,0.0
639008,0.0
640099,1.0
640434,1.0
641305,1.0
641390,1.0
642922,1.0
643398,1.0
643910,1.0
644343,0.0
645902,0.0
647074,1.0
647444,1.0
647551,0.0
650045,1.0
650200,0.0
651404,1.0
651437,1.0
652658,1.0
653241,1.0
654073,1.0
654207,1.0
654238,1.0
654292,1.0
654596,1.0
655431,0.0
655515,1.0
657137,1.0
657397,0.0
657844,1.0
658202,1.0
659668,1.0
660032,1.0
660203,1.0
660585,1.0
660964,0.0
661732,1.0
661861,1.0
662336,1.0
664433,0.0
664472,1.0
665433,0.0
666354,1.0
667240,1.0
667377,1.0
667747,0.0
667949,1.0
669398,1.0
669860,0.0
669861,0.0
670578,1.0
671082,0.0
671706,1.0
671936,1.0
672024,1.0
672912,1.0
673296,0.0
673342,1.0
674423,0.0
674439,0.0
675141,1.0
675167,1.0
676126,1.0
676298,1.0
676340,1.0
677228,0.0
678537,1.0
678555,0.0
678993,1.0
679651,0.0
680164,1.0
680200,1.0
680759,1.0
681347,1.0
681934,1.0
682122,1.0
682475,1.0
682627,1.0
682694,1.0
682898,1.0
683735,0.0
684142,1.0
684193,0.0
684932,1.0
684986,1.0
685495,1.0
685571,0.0
685721,0.0
687904,1.0
688474,1.0
688844,0.0
688914,1.0
689470,0.0
689714,1.0
689936,0.0
689964,1.0
690239,0.0
691302,1.0
692835,1.0
693550,1.0
693671,1.0
693725,0.0
693770,1.0
695314,1.0
696588,1.0
696896,1.0
697826,1.0
697934,1.0
698009,1.0
698815,1.0
699559,0.0
700414,1.0
701106,0.0
703250,1.0
703898,1.0
704656,1.0
705550,0.0
707240,1.0
707824,1.0
708074,1.0
709665,1.0
712117,1.0
712245,1.0
712816,1.0
713358,1.0
713550,1.0
714799,1.0
717185,1.0
717426,1.0
717813,1.0
718937,0.0
719501,1.0
719583,1.0
719750,1.0
719860,0.0
723234,1.0
723928,1.0
724766,0.0
725577,1.0
725779,1.0
726046,0.0
726595,1.0
726720,1.0
727218,0.0
727971,1.0
728565,1.0
729818,1.0
730733,1.0
730741,0.0
730973,1.0
730997,0.0
731107,0.0
731380,0.0
731442,1.0
731756,1.0
732258,1.0
732931,1.0
733142,1.0
733471,1.0
734419,1.0
735048,1.0
738618,0.0
738972,1.0
739776,0.0
739831,1.0
740628,1.0
740666,1.0
740681,0.0
741246,0.0
741747,1.0
742449,1.0
742581,1.0
744992,1.0
751752,1.0
753466,0.0
755798,1.0
757640,1.0
758840,1.0
761446,1.0
761713,0.0
761740,1.0
762945,1.0
763431,0.0
763770,1.0
764245,1.0
764290,0.0
767059,1.0
767891,0.0
770138,1.0
770626,1.0
770930,0.0
773176,1.0
773339,1.0
773419,1.0
774436,0.0
775770,0.0
777096,1.0
781022,1.0
782297,1.0
782320,1.0
782859,1.0
786035,1.0
786207,1.0
786253,1.0
788719,1.0
789988,1.0
790121,1.0
791262,1.0
792913,1.0
793742,0.0
793759,1.0
794075,1.0
794198,1.0
797459,1.0
797922,1.0
798414,1.0
799356,1.0
799475,1.0
799643,1.0
801092,0.0
801868,1.0
801919,1.0
802045,1.0
802606,0.0
805153,1.0
807525,1.0
809447,1.0
810431,1.0
811470,0.0
813021,1.0
813272,0.0
815369,1.0
815818,1.0
817067,0.0
817338,0.0
818099,0.0
819043,0.0
820390,1.0
821026,0.0
822140,1.0
822437,0.0
822823,1.0
822902,1.0
825458,1.0
826898,0.0
828156,1.0
828208,0.0
828240,1.0
829417,1.0
829434,0.0
830249,1.0
830770,1.0
830901,1.0
831007,0.0
832210,1.0
832624,1.0
833922,1.0
834241,1.0
835028,1.0
837653,1.0
837698,1.0
838524,1.0
839000,0.0
839563,1.0
841152,1.0
842247,0.0
842348,1.0
843078,1.0
843253,1.0
843792,1.0
843848,0.0
845231,1.0
845802,1.0
846573,1.0
846764,1.0
848190,1.0
848769,1.0
849297,1.0
849753,1.0
850166,1.0
851459,1.0
856036,1.0
856989,1.0
857275,1.0
862444,1.0
862666,1.0
867834,0.0
868719,0.0
868807,1.0
869147,1.0
869500,1.0
870048,0.0
870921,1.0
874081,1.0
876891,1.0
877692,1.0
884641,1.0
885239,0.0
885627,1.0
887708,1.0
888129,1.0
888818,1.0
891329,1.0
891683,1.0
892421,1.0
894243,1.0
894290,1.0
894925,0.0
895975,1.0
897408,1.0
900021,1.0
900213,1.0
900519,0.0
901037,0.0
901223,1.0
904774,1.0
906148,1.0
907925,1.0
908229,0.0
910608,1.0
910689,1.0
913403,1.0
914829,1.0
915953,0.0
917183,0.0
918637,1.0
918977,1.0
919540,1.0
920035,1.0
920529,0.0
920630,1.0
921349,1.0
921523,1.0
921628,1.0
921708,1.0
921816,1.0
922664,1.0
922755,1.0
922867,0.0
923249,1.0
924192,1.0
924361,0.0
925051,1.0
925975,1.0
927867,1.0
928197,0.0
928574,1.0
928625,1.0
928990,1.0
929637,1.0
930782,0.0
932224,1.0
933050,1.0
933466,0.0
934530,1.0
936669,0.0
937720,1.0
937985,1.0
938904,1.0
939518,1.0
940684,1.0
941254,1.0
941741,1.0
941932,1.0
942587,1.0
942757,1.0
943198,1.0
943898,1.0
945168,1.0
946162,1.0
946311,1.0
946339,1.0
946644,1.0
947020,1.0
947712,0.0
947975,1.0
948245,1.0
949018,0.0
949130,1.0
949813,0.0
949869,1.0
950164,1.0
951572,1.0
952183,1.0
952957,1.0
953355,1.0
954002,1.0
957977,1.0
958450,1.0
961125,1.0
961573,0.0
961860,1.0
961959,1.0
962089,1.0
962169,1.0
962696,1.0
962984,1.0
963730,1.0
964839,1.0
965020,1.0
965075,1.0
965382,1.0
967184,1.0
967473,1.0
970709,1.0
971301,1.0
972089,0.0
972232,0.0
973906,1.0
973936,0.0
974128,1.0
974185,1.0
976344,1.0
976602,1.0
976829,1.0
977033,1.0
977068,1.0
977704,0.0
977825,1.0
978294,0.0
978357,0.0
980083,0.0
981314,1.0
981701,1.0
981980,0.0
982454,0.0
983099,0.0
983500,1.0
985838,0.0
986305,1.0
986814,1.0
988690,1.0
988987,0.0
992853,1.0
994470,0.0
995469,0.0
995546,1.0
996686,0.0
996876,1.0
997137,1.0
1000749,0.0
1003621,0.0
1004328,0.0
1005042,0.0
1006834,0.0
1007210,1.0
1008141,0.0
1008374,0.0
1009204,1.0
1010509,1.0
1010970,0.0
1011696,1.0
1011922,1.0
1013239,1.0
1013302,1.0
1013663,1.0
1013840,0.0
1014464,1.0
1014554,1.0
1014721,1.0
1015658,0.0
1015743,1.0
1017101,1.0
1017444,0.0
1017555,0.0
1017800,1.0
1018009,1.0
1020341,1.0
1021781,1.0
1022340,0.0
1022879,1.0
1023386,1.0
1023458,1.0
1023716,0.0
1023720,1.0
1023772,1.0
1023879,1.0
1023979,1.0
1024137,1.0
1024607,1.0
1024978,1.0
1025070,1.0
1027227,1.0
1027748,1.0
1027935,1.0
1028817,1.0
1028926,1.0
1029192,1.0
1029250,1.0
1029569,1.0
1029574,1.0
1029646,1.0
1029872,1.0
1029947,1.0
1030297,1.0
1031476,1.0
1031721,1.0
1032642,1.0
1034358,1.0
1038633,1.0
1041730,1.0
1041962,1.0
1044271,1.0
1044363,1.0
1044736,1.0
1045426,0.0
1045558,1.0
1049415,1.0
1054006,0.0
1054253,0.0
1054406,1.0
1054730,0.0
1055637,1.0
1056264,1.0
1057460,1.0
1059412,0.0
1063344,0.0
1063370,1.0
1065675,1.0
1067195,1.0
1067217,0.0
1067377,1.0
1069410,1.0
1069576,1.0
1069821,0.0
1070393,1.0
1071677,1.0
1072330,1.0
1072466,1.0
1073267,1.0
1074819,1.0
1075259,0.0
1075328,1.0
1075996,0.0
1076014,1.0
1076031,1.0
1076127,0.0
1077115,1.0
1079739,1.0
1080374,1.0
1080598,1.0
1081286,1.0
1081289,0.0
1081726,1.0
1082444,0.0
1082532,1.0
1082633,1.0
1085418,0.0
1085902,1.0
1086149,0.0
1087849,1.0
1088301,1.0
1088341,1.0
1088464,1.0
1088572,1.0
1088668,1.0
1088677,1.0
1089586,0.0
1089862,1.0
1090365,1.0
1090761,1.0
1090767,1.0
1090793,1.0
1090857,1.0
1091972,1.0
1094462,0.0
1096024,1.0
1096376,1.0
1097467,1.0
1097603,1.0
1097641,1.0
1097661,1.0
1098372,1.0
1098382,0.0
1098487,1.0
1100222,0.0
1101241,1.0
1101718,1.0
1102056,1.0
1103776,1.0
1104225,1.0
1104526,1.0
1104919,1.0
1105528,1.0
1105774,1.0
1105832,1.0
1106437,1.0
1106654,1.0
1106940,1.0
1107945,0.0
1109984,1.0
1110170,1.0
1110224,0.0
1110584,1.0
1110954,1.0
1110960,1.0
1112256,1.0
1113092,1.0
1114606,1.0
1114627,0.0
1116003,1.0
1116266,1.0
1116989,1.0
1117651,1.0
1118248,1.0
1118520,1.0
1118817,1.0
1119479,1.0
1119663,1.0
1120132,1.0
1120542,0.0
1122627,1.0
1122789,1.0
1123015,1.0
1123343,1.0
1123678,0.0
1125444,1.0
1125638,1.0
1126992,1.0
1128743,0.0
1129743,1.0
1131036,1.0
1131272,1.0
1132678,0.0
1133963,1.0
1134121,1.0
1134796,0.0
1135458,0.0
1136283,0.0
1136354,1.0
1137931,1.0
1138397,1.0
1138688,1.0
1139158,1.0
1139622,1.0
1139634,1.0
1140055,0.0
1140193,0.0
1140234,1.0
1140596,1.0
1140786,0.0
1141038,1.0
1142498,1.0
1144251,1.0
1145646,1.0
1146374,1.0
1146592,1.0
1148541,1.0
1148783,1.0
1149301,1.0
1149878,1.0
1150077,1.0
1150238,1.0
1150250,1.0
1150324,1.0
1150734,1.0
1150735,1.0
1150778,1.0
1152622,0.0
1152857,1.0
1153380,1.0
1154307,1.0
1154941,1.0
1155355,1.0
1155357,0.0
1155505,0.0
1155569,0.0
1155769,1.0
1155941,0.0
1157787,1.0
1158119,0.0
1158204,1.0
1161257,0.0
1161319,1.0
1162667,1.0
1162770,1.0
1166833,0.0
1169192,1.0
1169866,1.0
1171170,0.0
1172169,1.0
1172551,1.0
1172984,1.0
1173156,1.0
1173847,1.0
1173963,1.0
1174928,0.0
1175317,1.0
1178148,0.0
1178357,1.0
1179264,1.0
1180209,0.0
1181392,1.0
1181942,1.0
1182280,1.0
1183755,1.0
1184435,1.0
1185146,1.0
1185984,1.0
1186499,1.0
1187404,1.0
1187912,0.0
1188253,0.0
1188908,0.0
1189183,1.0
1190420,0.0
1192688,0.0
1193106,1.0
1193284,1.0
1193685,0.0
1193860,1.0
1194462,1.0
1194576,1.0
1194613,1.0
1195908,0.0
1197392,1.0
1197494,1.0
1198034,0.0
1200033,1.0
1201408,1.0
1201501,1.0
1201524,1.0
1202139,1.0
1202294,1.0
1203333,0.0
1203588,0.0
1203946,1.0
1205367,1.0
1206218,1.0
1207541,0.0
1208260,1.0
1208551,1.0
1208716,1.0
1209240,1.0
1209580,1.0
1209764,1.0
1211073,0.0
1211806,1.0
1213299,1.0
1214477,1.0
1214765,1.0
1216376,0.0
1217576,1.0
1217598,1.0
1217774,1.0
1219245,1.0
1219425,1.0
1220181,1.0
1221797,1.0
1221879,1.0
1222095,1.0
1222570,1.0
1224476,1.0
1224703,1.0
1226537,1.0
1227968,1.0
1228038,1.0
1229166,0.0
1229288,1.0
1229470,0.0
1231822,1.0
1232507,1.0
1232636,1.0
1233439,1.0
1234074,1.0
1235574,1.0
1236031,1.0
1236137,1.0
1239100,1.0
1240439,1.0
1240724,1.0
1241719,0.0
1242023,1.0
1242368,1.0
1242537,1.0
1242790,1.0
1243403,1.0
1244213,0.0
1246431,0.0
1247952,1.0
1248400,0.0
1248773,1.0
1249451,1.0
1252042,0.0
1252395,1.0
1252555,0.0
1252912,1.0
1252934,0.0
1253091,1.0
1254070,1.0
1256111,0.0
1256540,0.0
1257231,1.0
1257689,1.0
1257939,1.0
1258061,1.0
1258407,1.0
1259126,1.0
1259592,1.0
1259686,1.0
1260376,1.0
1260377,0.0
1261067,1.0
1261121,0.0
1261686,1.0
1263172,1.0
1264011,1.0
1264851,1.0
1265356,1.0
1266029,0.0
1266055,0.0
1266299,1.0
1266469,0.0
1268060,0.0
1269905,1.0
1270119,0.0
1270540,1.0
1271455,0.0
1272520,1.0
1273318,1.0
1273450,0.0
1274222,1.0
1275187,1.0
1276835,0.0
1277309,1.0
1277348,1.0
1279189,1.0
1279777,1.0
1279977,1.0
1281482,0.0
1281789,1.0
1281983,1.0
1282520,1.0
1283207,1.0
1285006,1.0
1286757,1.0
1286897,0.0
1287266,1.0
1288266,0.0
1288275,1.0
1288467,1.0
1288660,1.0
1289711,1.0
1292034,1.0
1293160,1.0
1293994,0.0
1295317,1.0
1296293,1.0
1297008,1.0
1299063,1.0
1299390,1.0
1301283,1.0
1301581,1.0
1301807,1.0
1301810,1.0
1302203,1.0
1302244,0.0
1302994,1.0
1305440,1.0
1307231,1.0
1307428,1.0
1307436,0.0
1307626,1.0
1308780,1.0
1310842,1.0
1311012,1.0
1311108,1.0
1311519,1.0
1313640,0.0
1313643,1.0
1314298,1.0
1315586,1.0
1317128,1.0
1317345,1.0
1317454,1.0
1317639,1.0
1317773,0.0
1317923,1.0
1318472,1.0
1318638,0.0
1318849,1.0
1318861,1.0
1320242,0.0
1321354,1.0
1322599,1.0
1322786,1.0
1323018,1.0
1323194,1.0
1324072,1.0
1324225,0.0
1325596,1.0
1325769,1.0
1326509,1.0
1326861,1.0
1328548,1.0
1328833,1.0
1329067,1.0
1329068,1.0
1329890,0.0
1330137,0.0
1330264,0.0
1331255,1.0
1331513,0.0
1332407,1.0
1333683,0.0
1333748,1.0
1333922,1.0
1335235,1.0
1337830,1.0
1338703,1.0
1339145,0.0
1340408,1.0
1341011,1.0
1341258,1.0
1341574,1.0
1342615,1.0
1342840,1.0
1343935,1.0
1344466,0.0
1345623,1.0
1346364,1.0
1346922,0.0
1347502,1.0
1347652,1.0
1347814,1.0
1347959,0.0
1348103,1.0
1348189,1.0
1349457,0.0
1349533,1.0
1349644,0.0
1349984,1.0
1350214,1.0
1351639,1.0
1351942,0.0
1352008,0.0
1353552,1.0
1355252,1.0
1355727,1.0
1357188,1.0
1358018,1.0
1358447,0.0
1358851,1.0
1359630,1.0
1359818,0.0
1360124,1.0
1360528,1.0
1360639,1.0
1363435,0.0
1363793,0.0
1363964,1.0
1363977,1.0
1363982,1.0
1364462,1.0
1365188,0.0
1368004,0.0
1368377,1.0
1369161,1.0
1370380,0.0
1370500,1.0
1371093,1.0
1371653,1.0
1372073,1.0
1372992,1.0
1375272,0.0
1377756,1.0
1380388,1.0
1381207,1.0
1381453,1.0
1381700,1.0
1381916,0.0
1383558,1.0
1383603,0.0
1384244,0.0
1384778,1.0
1385972,1.0
1386959,1.0
1387308,0.0
1391021,1.0
1394085,0.0
1394248,1.0
1394676,1.0
1396616,1.0
1397097,1.0
1397258,1.0
1397953,1.0
1398400,1.0
1399261,0.0
1400586,1.0
1400917,1.0
1401810,0.0
1403291,1.0
1404747,1.0
1405405,0.0
1406196,1.0
1407769,0.0
1408732,1.0
1408775,1.0
1409368,1.0
1410973,1.0
1410999,1.0
1411037,1.0
1411506,1.0
1414061,1.0
1414715,1.0
1415446,1.0
1415606,1.0
1415750,1.0
1415995,1.0
1417691,1.0
1418225,1.0
1421144,0.0
1424296,1.0
1424306,1.0
1425170,1.0
1425359,0.0
1425589,1.0
1425596,1.0
1425611,1.0
1425836,1.0
1426984,1.0
1427221,1.0
1428143,1.0
1428415,1.0
1428931,1.0
1429657,0.0
1430286,1.0
1431330,0.0
1431462,1.0
1431616,1.0
1432094,1.0
1432192,1.0
1432722,1.0
1432938,1.0
1433214,0.0
1433492,1.0
1433818,1.0
1434068,1.0
1435472,1.0
1436017,1.0
1436768,1.0
1438239,1.0
1439163,0.0
1439511,0.0
1441883,1.0
1442044,1.0
1445299,1.0
1445669,1.0
1446085,1.0
1448355,0.0
1449211,1.0
1449450,1.0
1450218,1.0
1451036,1.0
1451181,1.0
1454016,1.0
1454023,0.0
1455634,1.0
1456822,1.0
1457065,1.0
1457227,1.0
1457482,1.0
1457659,0.0
1457793,0.0
1458031,0.0
1458480,1.0
1459124,1.0
1459592,1.0
1460000,1.0
1460211,1.0
1461270,0.0
1462274,1.0
1462594,1.0
1463810,0.0
1464099,1.0
1464473,1.0
1465024,0.0
1465650,1.0
1465985,1.0
1466494,1.0
1467887,1.0
1468970,0.0
1471356,1.0
1471757,0.0
1472491,1.0
1473256,0.0
1473349,0.0
1475529,1.0
1476195,0.0
1476519,1.0
1477904,1.0
1478312,1.0
1479348,0.0
1480592,1.0
1481287,0.0
1481936,1.0
1482367,1.0
1483398,1.0
1483399,1.0
1485203,1.0
1486586,1.0
1487290,0.0
1489265,1.0
1489499,1.0
1489534,1.0
1490237,1.0
1490626,0.0
1492364,1.0
1495363,1.0
1495432,0.0
1495507,1.0
1496849,1.0
1497384,1.0
1497955,1.0
1498522,1.0
1499165,0.0
1499404,1.0
1500534,1.0
1501885,0.0
1502106,0.0
1502984,0.0
1503000,0.0
1503223,1.0
1503701,1.0
1504297,0.0
1504374,1.0
1505020,1.0
1505602,1.0
1505978,1.0
1506819,0.0
1507288,1.0
1507673,1.0
1507808,1.0
1509615,1.0
1509949,0.0
1510520,1.0
1511081,1.0
1511082,0.0
1511168,0.0
1511342,1.0
1512276,1.0
1512764,1.0
1514289,1.0
1515975,1.0
1516918,1.0
1517756,1.0
1518126,1.0
1518819,0.0
1519515,0.0
1520083,0.0
1521406,1.0
1521598,1.0
1522067,1.0
1523012,1.0
1523338,1.0
1523768,1.0
1524632,1.0
1524943,0.0
1525328,1.0
1525355,0.0
1525370,1.0
1525437,0.0
1525670,1.0
1526023,0.0
1526429,1.0
1526773,1.0
1527077,1.0
1527983,1.0
1528981,1.0
1529223,0.0
1529581,1.0
1529921,1.0
1530612,1.0
1532602,0.0
1533052,1.0
1533343,0.0
1534672,1.0
1534951,0.0
1535524,1.0
1537168,1.0
1537376,0.0
1538105,1.0
1538738,1.0
1539895,1.0
1540377,1.0
1540970,1.0
1541939,1.0
1542627,1.0
1543951,1.0
1544524,1.0
1544681,1.0
1545817,1.0
1547051,1.0
1547067,1.0
1548198,1.0
1549283,1.0
1550289,1.0
1551828,1.0
1552849,1.0
1552909,1.0
1553441,1.0
1554652,0.0
1554814,0.0
1555637,1.0
1555824,1.0
1556252,1.0
1557017,1.0
1557553,1.0
1558020,1.0
1558259,1.0
1558523,1.0
1558746,0.0
1559717,1.0
1559989,1.0
1560311,1.0
1560406,1.0
1560731,1.0
1561034,1.0
1562022,1.0
1562151,1.0
1563103,1.0
1563321,1.0
1564995,1.0
1567190,0.0
1567507,1.0
1567896,0.0
1568617,0.0
1568856,1.0
1568936,1.0
1569615,1.0
1569916,0.0
1571663,1.0
1571779,1.0
1571867,1.0
1572414,1.0
1572623,1.0
1572705,1.0
1573732,1.0
1574302,1.0
1574786,0.0
1576434,1.0
1576685,0.0
1576811,1.0
1576933,1.0
1578250,1.0
1580423,1.0
1580444,1.0
1580904,1.0
1581563,1.0
1581758,1.0
1582422,0.0
1583371,0.0
1583600,0.0
1584440,1.0
1584621,1.0
1585843,0.0
1586594,1.0
1586985,0.0
1588108,1.0
1589383,1.0
1590281,1.0
1591445,1.0
1593123,1.0
1593409,0.0
1594203,1.0
1595154,0.0
1595157,1.0
1595184,1.0
1595755,1.0
1596190,1.0
1596276,0.0
1597059,1.0
1597818,1.0
1599230,1.0
1599377,1.0
1599488,1.0
1599678,1.0
1600093,1.0
1600412,1.0
1601425,1.0
1602287,1.0
1603866,1.0
1604809,0.0
1605236,1.0
1605585,1.0
1607872,0.0
1609400,1.0
1609879,0.0
1610499,1.0
1610695,1.0
1611754,1.0
1611890,1.0
1611897,0.0
1612239,1.0
1612441,1.0
1612598,0.0
1613018,1.0
1613257,1.0
1613638,1.0
1614436,1.0
1614543,1.0
1614582,1.0
1616087,1.0
1616999,1.0
1617991,0.0
1618214,1.0
1619411,0.0
1620024,1.0
1621142,1.0
1621420,0.0
1623506,1.0
1623646,0.0
1624357,1.0
1624403,1.0
1624470,1.0
1624769,1.0
1626706,0.0
1626729,1.0
1627097,1.0
1627756,0.0
1628304,0.0
1628443,1.0
1628921,1.0
1629988,0.0
1630002,0.0
1630004,1.0
1630251,1.0
1630681,1.0
1631101,0.0
1631819,1.0
1633057,1.0
1633494,1.0
1634325,1.0
1634411,0.0
1634580,1.0
1634772,1.0
1635831,1.0
1636823,1.0
1637624,1.0
1638598,0.0
1639783,1.0
1640304,1.0
1640354,1.0
1641317,1.0
1641363,1.0
1641636,1.0
1641844,1.0
1642064,1.0
1642513,1.0
1642640,0.0
1643003,1.0
1643404,0.0
1643452,0.0
1643777,1.0
1645350,1.0
1646392,1.0
1646725,0.0
1646771,0.0
1647083,1.0
1648148,1.0
1648198,0.0
1648890,0.0
1648904,1.0
1649227,1.0
1649597,1.0
1650660,1.0
1651656,0.0
1651844,0.0
1652349,1.0
1652353,1.0
1653431,1.0
1653878,1.0
1654559,0.0
1654965,1.0
1655091,0.0
1655420,1.0
1655969,1.0
1656659,1.0
1658127,1.0
1658731,1.0
1659424,1.0
1660504,1.0
1661753,1.0
1663677,0.0
1663760,1.0
1664377,1.0
1666008,1.0
1666655,1.0
1667183,0.0
1667749,1.0
1667768,1.0
1668440,1.0
1670938,1.0
1672211,1.0
1673312,1.0
1673509,1.0
1674020,1.0
1674711,1.0
1675103,1.0
1675273,1.0
1675543,1.0
1676767,1.0
1676857,0.0
1677210,0.0
1677429,1.0
1678591,0.0
1679790,1.0
1681336,1.0
1681777,1.0
1681796,1.0
1682378,1.0
1682637,1.0
1682853,1.0
1683606,1.0
1683674,0.0
1683971,0.0
1685026,1.0
1686243,0.0
1687106,1.0
1688088,1.0
1689330,1.0
1689730,0.0
1690159,0.0
1690609,1.0
1691469,0.0
1691646,1.0
1692668,1.0
1693005,1.0
1693232,0.0
1695911,1.0
1696733,1.0
1697100,0.0
1697840,1.0
1700245,1.0
1700635,0.0
1701017,1.0
1701222,1.0
1701532,0.0
1703066,1.0
1703451,1.0
1703508,0.0
1705839,1.0
1705866,1.0
1708157,1.0
1709189,1.0
1710034,1.0
1710934,1.0
1712337,0.0
1713112,0.0
1713476,1.0
1713727,1.0
1714133,1.0
1714165,1.0
1715674,0.0
1716061,0.0
1717896,1.0
1719542,0.0
1720258,1.0
1720452,0.0
1720521,1.0
1720821,1.0
1721630,0.0
1722377,0.0
1723001,1.0
1723047,0.0
1724501,1.0
1724643,1.0
1724773,1.0
1724814,1.0
1725050,1.0
1725487,0.0
1725801,1.0
1726575,0.0
1726943,0.0
1727438,1.0
1729043,1.0
1729335,1.0
1729387,1.0
1730050,0.0
1731089,1.0
1732436,1.0
1733421,1.0
1733756,1.0
1733770,1.0
1734320,1.0
1735448,1.0
1735467,1.0
1737270,1.0
1737304,1.0
1737327,1.0
1738037,1.0
1738078,1.0
1738156,0.0
1739290,0.0
1739394,0.0
1740697,0.0
1741095,1.0
1741116,0.0
1741203,1.0
1741343,0.0
1741590,0.0
1741596,1.0
1741826,1.0
1744224,1.0
1744556,1.0
1744844,0.0
1744877,1.0
1745466,1.0
1745731,1.0
1747306,1.0
1747672,1.0
1748860,1.0
1749224,1.0
1749401,0.0
1749903,1.0
1751427,0.0
1752047,1.0
1752499,1.0
1752831,1.0
1752980,1.0
1754259,1.0
1755713,1.0
1755780,0.0
1756499,1.0
1759185,1.0
1760042,1.0
1760767,0.0
1761114,1.0
1762477,0.0
1762627,0.0
1762882,0.0
1763337,1.0
1763566,1.0
1764007,1.0
1764683,1.0
1765357,1.0
1765565,0.0
1765594,1.0
1766774,1.0
1766994,1.0
1767611,0.0
1768234,1.0
1768673,1.0
1769027,1.0
1770973,1.0
1771095,1.0
1773010,1.0
1773343,1.0
1773378,0.0
1774186,1.0
1774311,1.0
1775581,1.0
1776244,1.0
1778537,1.0
1779284,0.0
1780177,0.0
1780388,1.0
1780945,1.0
1781758,1.0
1781792,1.0
1782525,1.0
1782871,1.0
1783906,0.0
1784985,1.0
1785911,1.0
1788398,1.0
1788411,1.0
1788981,1.0
1789350,1.0
1789474,1.0
1790100,1.0
1790541,1.0
1791203,0.0
1791298,1.0
1791432,1.0
1792244,0.0
1792601,1.0
1792990,1.0
1793985,1.0
1794897,0.0
1795542,0.0
1797525,1.0
1798241,0.0
1798365,1.0
1798616,0.0
1799052,0.0
1801577,1.0
1802032,1.0
1803870,1.0
1805334,1.0
1806173,1.0
1806537,1.0
1806572,1.0
1808206,1.0
1808290,1.0
1809501,0.0
1809782,0.0
1810317,1.0
1810496,1.0
1810509,1.0
1810522,1.0
1811416,1.0
1811508,1.0
1811587,1.0
1811729,0.0
1812670,1.0
1812728,1.0
1812755,1.0
1813117,1.0
1813672,1.0
1813754,0.0
1813837,1.0
1814056,1.0
1815044,0.0
1815732,0.0
1817226,1.0
1817500,1.0
1817531,0.0
1818567,0.0
1819463,0.0
1820785,1.0
1823535,1.0
1823566,1.0
1823669,1.0
1823827,1.0
1824878,1.0
1825094,0.0
1825502,1.0
1825539,0.0
1825945,0.0
1825986,1.0
1827073,0.0
1827202,1.0
1827976,1.0
1828926,1.0
1831300,1.0
1831656,1.0
1832169,1.0
1832398,0.0
1833217,0.0
1833644,1.0
1833676,1.0
1833790,1.0
1833999,0.0
1835971,1.0
1836714,1.0
1836843,1.0
1837057,1.0
1838142,0.0
1838927,1.0
1839122,1.0
1839902,1.0
1840360,1.0
1840423,1.0
1840543,0.0
1840947,1.0
1840980,1.0
1841777,1.0
1842173,1.0
1843941,0.0
1844908,1.0
1845248,1.0
1845816,1.0
1846729,1.0
1847366,1.0
1847399,0.0
1847672,1.0
1848370,0.0
1849950,1.0
1850246,1.0
1850530,0.0
1851026,1.0
1851551,0.0
1851623,0.0
1852255,0.0
1852546,0.0
1855280,0.0
1855976,1.0
1856830,1.0
1858406,0.0
1859430,0.0
1859694,1.0
1859856,1.0
1859871,0.0
1860858,1.0
1860916,0.0
1861736,1.0
1862289,0.0
1862316,1.0
1863033,0.0
1863591,1.0
1864610,0.0
1864885,1.0
1865307,0.0
1865514,1.0
1866720,1.0
1867750,0.0
1867918,0.0
1868807,0.0
1869040,1.0
1869538,0.0
1869759,1.0
1870283,1.0
1871370,0.0
1872566,0.0
1873439,1.0
1873833,0.0
1874904,1.0
1875224,1.0
1875740,1.0
1876330,1.0
1876645,0.0
1876694,0.0
1878131,0.0
1878830,1.0
1880350,1.0
1880783,1.0
1880993,0.0
1881006,1.0
1881139,1.0
1881744,1.0
1881835,0.0
1882451,1.0
1883728,1.0
1885236,1.0
1885386,0.0
1885472,1.0
1885503,1.0
1885659,1.0
1886008,1.0
1886536,0.0
1886607,1.0
1887124,1.0
1887403,1.0
1890553,1.0
1891760,1.0
1892186,1.0
1893053,1.0
1895487,1.0
1895848,0.0
1897373,1.0
1897934,1.0
1899277,0.0
1899935,0.0
1900251,0.0
1901186,1.0
1901318,0.0
1903374,1.0
1904293,0.0
1904697,1.0
1904766,1.0
1905675,1.0
1905966,1.0
1906139,0.0
1906245,0.0
1906806,1.0
1906927,1.0
1906982,1.0
1907701,1.0
1908013,1.0
1909222,0.0
1909545,1.0
1909933,0.0
1912200,1.0
1913749,1.0
1915147,1.0
1915503,1.0
1916259,1.0
1917788,1.0
1918255,1.0
1918595,1.0
1919050,1.0
1919096,0.0
1919154,1.0
1919366,0.0
1919434,1.0
1920467,1.0
1920535,1.0
1920680,1.0
1921362,1.0
1922901,1.0
1922937,1.0
1923915,1.0
1924880,1.0
1925058,0.0
1925141,1.0
1925349,1.0
1926472,1.0
1926938,1.0
1927088,1.0
1927986,1.0
1928298,1.0
1928597,1.0
1928625,1.0
1928784,1.0
1929349,1.0
1929391,0.0
1929619,1.0
1929910,1.0
1929956,1.0
1930371,0.0
1930391,1.0
1931375,1.0
1931530,0.0
1933380,1.0
1935184,1.0
1935357,0.0
1935447,1.0
1935687,0.0
1935694,0.0
1935770,0.0
1935877,1.0
1935995,0.0
1937214,1.0
1937796,1.0
1938586,1.0
1939273,1.0
1940634,0.0
1940959,1.0
1943968,1.0
1944049,1.0
1944058,1.0
1944335,1.0
1944666,1.0
1945340,1.0
1945698,1.0
1945962,1.0
1946297,1.0
1947034,1.0
1947924,1.0
1948788,1.0
1948856,0.0
1948945,0.0
1949078,1.0
1950204,1.0
1952059,1.0
1952707,1.0
1953470,1.0
1953845,1.0
1953904,0.0
1953984,0.0
1954823,1.0
1955673,1.0
1957617,1.0
1958827,1.0
1960725,1.0
1960746,0.0
1960882,1.0
1961775,1.0
1961881,1.0
1962111,0.0
1962551,1.0
1963258,0.0
1963509,1.0
1964199,0.0
1964398,1.0
1964498,1.0
1964817,1.0
1965135,1.0
1965877,1.0
1966798,1.0
1967077,0.0
1968442,1.0
1970087,1.0
1970949,1.0
1971578,0.0
1972246,1.0
1972682,1.0
1974069,0.0
1974138,0.0
1974486,1.0
1974489,1.0
1976172,1.0
1976880,1.0
1977248,1.0
1981049,1.0
1981401,1.0
1981936,0.0
1982649,1.0
1983059,1.0
1983561,1.0
1984283,1.0
1985301,0.0
1986062,1.0
1986564,1.0
1986575,1.0
1986604,1.0
1986737,0.0
1987308,1.0
1987344,1.0
1988593,1.0
1989512,1.0
1990534,0.0
1991678,1.0
1993072,1.0
1993938,0.0
1997539,0.0
1997761,0.0
1999437,1.0
1999551,1.0
2000052,1.0
2001005,1.0
2001941,1.0
2002844,1.0
2002973,1.0
2003729,0.0
2003890,1.0
2005859,1.0
2006100,1.0
2006762,0.0
2007312,0.0
2007750,1.0
2007793,1.0
2008624,1.0
2009350,1.0
2009899,1.0
2010258,0.0
2010716,0.0
2010907,1.0
2011115,1.0
2011511,1.0
2011860,1.0
2012212,1.0
2012247,1.0
2012734,0.0
2013309,1.0
2016063,1.0
2016420,1.0
2016478,1.0
2016584,1.0
2016728,1.0
2016773,1.0
2016890,0.0
2017127,0.0
2017818,1.0
2018327,0.0
2018471,1.0
2018788,0.0
2019122,1.0
2019220,1.0
2020652,1.0
2020679,0.0
2021011,1.0
2021992,1.0
2022005,1.0
2022187,1.0
2022240,1.0
2022485,1.0
2023100,0.0
2023295,0.0
2024012,1.0
2024061,1.0
2024713,0.0
2026343,0.0
2027421,1.0
2027723,1.0
2028404,1.0
2028568,1.0
2029057,0.0
2029456,1.0
2029708,0.0
2029709,0.0
2029823,1.0
2029888,0.0
2030152,1.0
2031291,1.0
2032783,1.0
2033034,0.0
2033052,1.0
2033250,1.0
2033533,1.0
2038512,1.0
2038721,1.0
2038808,1.0
2039773,1.0
2040113,1.0
2040538,1.0
2042184,0.0
2043534,1.0
2044003,1.0
2044171,1.0
2046892,1.0
2047654,1.0
2048798,1.0
2049174,1.0
2049494,0.0
2050876,1.0
2054500,1.0
2055295,0.0
2055586,0.0
2056051,1.0
2056454,1.0
2057582,1.0
2057859,1.0
2057945,1.0
2058059,1.0
2058405,1.0
2059109,0.0
2059528,1.0
2060123,0.0
2060134,0.0
2060604,1.0
2060652,1.0
2061041,1.0
2061379,1.0
2061445,1.0
2061470,1.0
2062167,0.0
2062309,1.0
2062503,1.0
2062554,1.0
2063062,1.0
2063234,1.0
2066302,1.0
2066567,1.0
2067417,0.0
2067637,1.0
2067944,0.0
2068347,1.0
2068597,1.0
2069007,0.0
2069025,1.0
2069428,1.0
2069520,1.0
2070474,1.0
2070859,1.0
2070880,1.0
2071269,0.0
2071746,1.0
2071839,1.0
2072142,1.0
2072165,1.0
2072434,1.0
2072551,0.0
2072623,0.0
2072733,1.0
2073244,0.0
2073526,1.0
2073982,1.0
2074687,1.0
2075149,1.0
2076741,1.0
2076899,1.0
2077525,1.0
2077734,1.0
2078335,1.0
2079248,0.0
2080597,1.0
2081416,1.0
2082320,1.0
2082918,0.0
2083763,1.0
2084761,0.0
2085422,0.0
2085977,0.0
2086295,1.0
2087142,1.0
2088038,0.0
2088298,1.0
2088329,1.0
2089099,1.0
2089392,0.0
2090165,1.0
2090570,1.0
2092081,0.0
2092086,1.0
2093190,1.0
2093413,1.0
2093668,0.0
2094206,1.0
2094586,1.0
2095092,1.0
2096286,0.0
2097128,0.0
2097716,0.0
2097731,1.0
2098497,1.0
2098810,1.0
2099038,1.0
2100049,1.0
2100210,0.0
2100214,1.0
2100474,1.0
2101605,1.0
2101807,1.0
2102132,1.0
2102456,1.0
2102637,1.0
2103137,1.0
2103888,1.0
2104421,0.0
2104451,1.0
2104675,1.0
2104806,1.0
2104941,0.0
2105017,0.0
2105037,0.0
2105270,1.0
2105665,1.0
2106159,0.0
2106219,1.0
2106512,1.0
2108044,1.0
2108845,1.0
2108888,0.0
2109934,1.0
2110286,1.0
2111037,1.0
2111172,1.0
2111311,0.0
2111839,1.0
2112130,1.0
2112411,1.0
2112542,1.0
2112560,1.0
2112893,1.0
2112938,0.0
2112944,0.0
2113462,1.0
2114139,1.0
2114182,0.0
2114209,1.0
2114456,1.0
2115141,1.0
2115398,1.0
2117126,1.0
2117949,0.0
2118136,1.0
2118232,1.0
2118246,1.0
2118385,1.0
2118400,1.0
2118626,1.0
2119054,1.0
2119172,1.0
2119573,0.0
2119945,1.0
2120555,0.0
2121888,1.0
2122955,0.0
2123851,1.0
2123919,0.0
2123980,0.0
2124159,0.0
2124222,1.0
2125379,1.0
2126590,1.0
2126733,0.0
2127137,1.0
2127516,1.0
2127539,0.0
2127951,1.0
2128411,1.0
2129571,0.0
2129605,1.0
2129839,1.0
2131058,1.0
2131190,0.0
2131212,1.0
2132951,1.0
2133753,0.0
2134534,1.0
2135616,0.0
2136603,0.0
2137225,1.0
2137239,0.0
2137738,0.0
2138351,0.0
2138564,0.0
2139208,1.0
2139575,1.0
2139595,0.0
2140075,1.0
2140175,1.0
2140753,1.0
2141690,1.0
2142092,1.0
2142097,1.0
2142197,1.0
2143000,1.0
2144589,1.0
2144720,1.0
2145035,1.0
2145548,0.0
2146096,1.0
2146505,1.0
2147025,1.0
2147664,1.0
2147745,1.0
2147999,1.0
2148429,0.0
2148566,0.0
2150543,1.0
2150970,1.0
2150982,1.0
2151939,1.0
2152403,1.0
2152803,0.0
2152874,1.0
2152937,0.0
2152995,1.0
2154856,0.0
2155065,1.0
2155113,0.0
2155236,0.0
2155464,1.0
2156336,1.0
2156362,1.0
2156982,0.0
2157491,1.0
2157744,1.0
2158306,0.0
2158727,0.0
2159075,0.0
2159808,0.0
2160154,0.0
2160232,1.0
2160406,1.0
2160541,1.0
2161178,1.0
2161337,0.0
2161759,1.0
2161806,0.0
2162335,1.0
2162731,1.0
2163827,1.0
2164276,0.0
2167188,1.0
2167291,0.0
2168492,1.0
2168556,1.0
2168868,1.0
2169524,1.0
2169788,1.0
2170360,1.0
2170366,1.0
2171162,0.0
2171163,1.0
2171204,1.0
2172198,1.0
2172551,0.0
2172777,1.0
2173641,1.0
2173674,1.0
2175122,1.0
2176260,1.0
2176958,1.0
2178184,0.0
2178654,0.0
2178665,0.0
2179105,1.0
2179131,0.0
2179319,0.0
2179815,1.0
2181145,0.0
2185603,1.0
2186081,1.0
2186084,1.0
2187696,0.0
2189336,1.0
2189565,1.0
2190031,1.0
2190222,1.0
2190994,0.0
2191775,1.0
2192088,1.0
2192216,0.0
2192729,1.0
2193338,1.0
2194105,1.0
2194694,1.0
2194702,0.0
2195597,0.0
2196964,1.0
2197551,1.0
2197649,1.0
2198341,1.0
2198358,1.0
2199406,1.0
2199481,0.0
2199632,1.0
2200313,0.0
2200489,1.0
2200538,1.0
2200732,1.0
2201181,1.0
2201311,0.0
2201914,1.0
2203286,1.0
2203731,0.0
2204517,0.0
2205645,1.0
2206209,0.0
2207365,1.0
2207381,1.0
2209212,0.0
2209581,1.0
2210289,1.0
2211147,0.0
2211216,1.0
2211597,1.0
2212606,0.0
2213241,0.0
2213400,0.0
2215462,1.0
2217096,1.0
2218154,0.0
2220132,1.0
2220209,0.0
2222842,1.0
2223546,1.0
2223739,0.0
2227350,0.0
2227631,1.0
2228458,1.0
2228639,1.0
2228770,0.0
2229801,1.0
2229948,1.0
2230045,1.0
2230051,1.0
2230266,0.0
2230274,0.0
2230472,1.0
2231156,1.0
2231202,1.0
2231213,1.0
2233068,1.0
2233338,0.0
2233896,1.0
2233991,1.0
2234157,1.0
2235469,1.0
2236079,1.0
2238488,0.0
2239700,0.0
2240532,0.0
2241467,1.0
2243557,1.0
2244024,1.0
2244606,0.0
2245105,1.0
2245760,0.0
2246138,1.0
2247666,1.0
2247824,1.0
2249123,1.0
2249275,1.0
2252184,1.0
2253034,0.0
2254837,1.0
2255034,0.0
2255087,0.0
2255123,1.0
2255174,1.0
2256198,1.0
2256461,1.0
2256736,1.0
2257574,1.0
2258795,1.0
2260064,1.0
2261234,0.0
2261241,1.0
2261253,1.0
2261520,1.0
2262636,1.0
2263513,1.0
2263839,1.0
2263854,1.0
2264489,1.0
2265466,1.0
2265678,1.0
2265919,0.0
2266161,1.0
2267131,1.0
2267298,1.0
2270101,0.0
2270240,1.0
2270449,1.0
2270947,1.0
2273871,0.0
2275067,1.0
2275311,1.0
2276416,1.0
2276743,1.0
2277169,0.0
2277488,1.0
2277549,1.0
2278436,1.0
2280832,0.0
2281082,1.0
2281442,1.0
2282790,1.0
2282921,1.0
2283171,0.0
2283329,0.0
2283630,0.0
2284316,1.0
2284511,0.0
2285438,1.0
2285690,1.0
2285811,1.0
2286383,1.0
2286449,1.0
2287332,1.0
2287895,1.0
2288818,1.0
2289338,0.0
2289660,1.0
2290089,1.0
2290212,1.0
2291081,1.0
2291143,1.0
2291470,1.0
2291648,1.0
2291733,1.0
2293498,1.0
2293623,1.0
2293814,1.0
2294325,0.0
2295458,1.0
2296069,1.0
2298198,1.0
2298663,0.0
2299083,1.0
2299190,1.0
2299333,1.0
2299427,1.0
2299464,0.0
2299797,1.0
2300946,1.0
2301128,1.0
2301394,0.0
2301958,1.0
2302090,1.0
2302097,1.0
2302158,1.0
2303756,0.0
2303928,0.0
2304413,0.0
2304468,1.0
2304959,0.0
2305519,1.0
2305694,1.0
2305848,0.0
2306090,1.0
2307286,1.0
2307438,1.0
2307852,0.0
2309267,1.0
2309515,0.0
2310738,1.0
2311025,1.0
2312216,1.0
2313569,1.0
2313922,1.0
2314010,1.0
2314325,1.0
2314329,0.0
2315774,1.0
2316399,0.0
2316460,0.0
2316570,1.0
2316645,0.0
2316987,1.0
2317041,0.0
2317618,1.0
2318410,1.0
2318464,1.0
2318609,1.0
2318642,0.0
2319998,0.0
2320264,0.0
2320415,1.0
2322098,1.0
2322834,1.0
2323449,1.0
2323909,1.0
2324206,0.0
2324608,0.0
2324664,1.0
2324920,1.0
2325396,0.0
2326894,0.0
2327222,1.0
2327527,1.0
2327590,0.0
2327677,1.0
2327895,1.0
2328088,1.0
2328203,1.0
2328272,0.0
2328298,1.0
2328614,1.0
2328621,0.0
2330629,1.0
2331846,0.0
2332554,0.0
2332609,0.0
2332893,1.0
2334603,0.0
2335077,1.0
2335361,0.0
2335460,1.0
2335946,1.0
2337541,1.0
2338122,1.0
2339503,1.0
2339736,0.0
2339779,1.0
2339847,0.0
2340021,1.0
2341166,1.0
2343228,1.0
2344558,1.0
2344968,0.0
2345114,0.0
2345364,1.0
2345487,1.0
2345750,1.0
2346449,1.0
2346855,0.0
2347405,1.0
2347917,1.0
2348494,1.0
2348657,1.0
2348748,1.0
2348945,1.0
2349093,1.0
2349914,1.0
2349981,1.0
2350417,0.0
2350886,0.0
2351712,1.0
2351743,1.0
2352020,0.0
2353140,1.0
2353301,0.0
2353614,0.0
2353774,1.0
2353821,0.0
2353953,1.0
2354525,0.0
2355307,1.0
2357339,1.0
2357811,1.0
2357899,1.0
2358701,1.0
2361791,0.0
2362616,0.0
2362796,1.0
2363156,1.0
2363961,1.0
2364095,1.0
2364520,0.0
2364787,1.0
2364816,0.0
2365642,1.0
2365927,1.0
2366839,0.0
2367463,0.0
2367694,0.0
2368621,0.0
2369131,1.0
2370380,1.0
2370704,1.0
2371003,0.0
2371256,1.0
2371337,1.0
2372343,1.0
2373085,1.0
2373547,1.0
2373696,1.0
2373752,1.0
2374010,1.0
2374053,1.0
2374727,1.0
2375023,1.0
2375091,0.0
2375719,1.0
2376503,1.0
2376695,1.0
2376859,1.0
2376888,1.0
2376907,1.0
2377066,1.0
2377142,1.0
2377420,1.0
2377985,0.0
2378408,0.0
2378851,0.0
2379037,1.0
2379195,1.0
2379376,1.0
2379386,0.0
2379719,0.0
2379801,1.0
2379963,0.0
2381929,1.0
2382623,0.0
2382670,1.0
2382885,1.0
2382915,1.0
2384341,0.0
2384730,1.0
2385771,1.0
2388159,1.0
2388205,1.0
2389265,1.0
2390066,1.0
2390337,1.0
2391044,0.0
2391557,1.0
2391874,1.0
2392277,1.0
2392513,1.0
2392612,1.0
2392654,1.0
2392710,1.0
2393853,1.0
2394596,0.0
2394647,0.0
2395487,0.0
2395505,1.0
2400365,1.0
2400625,0.0
2401133,0.0
2401163,1.0
2401316,1.0
2401794,1.0
2402530,1.0
2403345,1.0
2403675,1.0
2404005,1.0
2404242,1.0
2404658,0.0
2404868,1.0
2405272,0.0
2405500,0.0
2405513,1.0
2406621,0.0
2406656,1.0
2406707,1.0
2406736,0.0
2408091,0.0
2408848,1.0
2409996,1.0
2410706,1.0
2412346,0.0
2412636,1.0
2414053,1.0
2415267,1.0
2415287,1.0
2415700,1.0
2415753,1.0
2415882,1.0
2416702,1.0
2416951,0.0
2417097,1.0
2417191,1.0
2417961,0.0
2418193,1.0
2418813,1.0
2418938,0.0
2418972,1.0
2419196,0.0
2419567,1.0
2419674,0.0
2419926,1.0
2420005,1.0
2420142,1.0
2421097,1.0
2421250,1.0
2421450,0.0
2421928,1.0
2422553,1.0
2425178,1.0
2425731,1.0
2426344,1.0
2426434,1.0
2426576,1.0
2426926,1.0
2427161,1.0
2427205,1.0
2427361,1.0
2427776,1.0
2427778,1.0
2428316,0.0
2428470,1.0
2428570,1.0
2429363,1.0
2429392,1.0
2429964,0.0
2429973,0.0
2431446,0.0
2431487,1.0
2431961,0.0
2432414,1.0
2432975,1.0
2433132,1.0
2433688,0.0
2434101,1.0
2434174,1.0
2434424,1.0
2434434,1.0
2434595,0.0
2434813,1.0
2435316,0.0
2436037,0.0
2436045,1.0
2436076,0.0
2437790,0.0
2439483,1.0
2439689,1.0
2439811,1.0
2440088,1.0
2440197,1.0
2440252,1.0
2440253,1.0
2440273,1.0
2440469,1.0
2440488,1.0
2440657,1.0
2440820,0.0
2441409,1.0
2442108,0.0
2442300,1.0
2442713,1.0
2443220,1.0
2443784,0.0
2443916,1.0
2444473,1.0
2444959,0.0
2445592,0.0
2446325,1.0
2446346,1.0
2447218,0.0
2447307,1.0
2447372,0.0
2447384,1.0
2447405,1.0
2447470,0.0
2447626,1.0
2447688,1.0
2448020,1.0
2448688,1.0
2449298,0.0
2449525,1.0
2450062,1.0
2450250,0.0
2450910,0.0
2451092,0.0
2451117,1.0
2452275,1.0
2452360,1.0
2454494,0.0
2454528,1.0
2455827,1.0
2456386,1.0
2459160,1.0
2460080,1.0
2460744,1.0
2460858,1.0
2461317,0.0
2461383,1.0
2461560,1.0
2461780,1.0
2462393,1.0
2462707,0.0
2463049,1.0
2463102,0.0
2463299,1.0
2464009,1.0
2464603,0.0
2465261,1.0
2465284,0.0
2465869,0.0
2466937,0.0
2467334,1.0
2467375,1.0
2467470,0.0
2468028,1.0
2468324,1.0
2468972,1.0
2469308,0.0
2469512,1.0
2471358,1.0
2471685,1.0
2473841,1.0
2474635,1.0
2474873,0.0
2475431,1.0
2476195,0.0
2476475,1.0
2477180,0.0
2477683,1.0
2478168,0.0
2478652,0.0
2479008,1.0
2481752,1.0
2482481,1.0
2482703,1.0
2482853,1.0
2483870,1.0
2484110,1.0
2484509,1.0
2484794,1.0
2485027,1.0
2485228,1.0
2485390,1.0
2485667,0.0
2485796,1.0
2486468,1.0
2486614,1.0
2486774,1.0
2487537,1.0
2487923,0.0
2488414,1.0
2488933,1.0
2488954,0.0
2489169,0.0
2489570,1.0
2489578,0.0
2490887,1.0
2491308,1.0
2491588,1.0
2492663,1.0
2492925,1.0
2493750,1.0
2493770,1.0
2493880,1.0
2496698,1.0
2496969,1.0
2497096,1.0
2497932,1.0
2499511,1.0
2500549,0.0
2500635,1.0
2500651,1.0
2501150,0.0
2501909,1.0
2502086,1.0
2502330,1.0
2502454,0.0
2502756,1.0
2503534,0.0
2503819,1.0
2505929,1.0
2506048,0.0
2506920,1.0
2507597,0.0
2507734,0.0
2507896,0.0
2507917,0.0
2509080,1.0
2509539,0.0
2510458,1.0
2510499,0.0
2510921,1.0
2511150,1.0
2511479,1.0
2511593,0.0
2511949,0.0
2512307,1.0
2512318,1.0
2512478,1.0
2512681,1.0
2512754,1.0
2513310,1.0
2513629,1.0
2513942,1.0
2514308,1.0
2514533,1.0
2514542,1.0
2514665,1.0
2514759,1.0
2514856,0.0
2515528,1.0
2515943,1.0
2515995,1.0
2516047,1.0
2516268,1.0
2516311,1.0
2517447,1.0
2518616,0.0
2519458,1.0
2520721,1.0
2521231,1.0
2521519,1.0
2522782,1.0
2523243,1.0
2523434,1.0
2523904,0.0
2523910,1.0
2524558,0.0
2524846,1.0
2525320,1.0
2525862,0.0
2526121,1.0
2526350,1.0
2526405,1.0
2526516,1.0
2526532,1.0
2526812,1.0
2527190,1.0
2527390,1.0
2527640,1.0
2527644,1.0
2527924,1.0
2528210,1.0
2528349,1.0
2528470,1.0
2528587,1.0
2528778,1.0
2528859,1.0
2529447,1.0
2529681,1.0
2531492,1.0
2532110,1.0
2532520,1.0
2532540,0.0
2532653,1.0
2533140,1.0
2534050,1.0
2534550,1.0
2534954,1.0
2535363,0.0
2535975,1.0
2536151,1.0
2536266,0.0
2536722,1.0
2537989,1.0
2538510,1.0
2539257,1.0
2539346,0.0
2540342,1.0
2541627,1.0
2542828,1.0
2542911,1.0
2543439,1.0
2543546,1.0
2544276,1.0
2544472,1.0
2545441,1.0
2545575,1.0
2545790,1.0
2546152,0.0
2546270,0.0
2546282,1.0
2546457,1.0
2546695,1.0
2546701,1.0
2546739,1.0
2546759,1.0
2546798,0.0
2546975,1.0
2547319,1.0
2547484,1.0
2547728,1.0
2548102,0.0
2548217,1.0
2548224,1.0
2549177,1.0
2549297,1.0
2549593,1.0
2549805,0.0
2550678,1.0
2551306,1.0
2551716,1.0
2551921,1.0
2552745,1.0
2552777,1.0
2552782,1.0
2552919,0.0
2553372,1.0
2553519,1.0
2553609,1.0
2553773,0.0
2554063,1.0
2554173,1.0
2554341,0.0
2554665,0.0
2554981,1.0
2555106,1.0
2555238,1.0
2555832,1.0
2555907,0.0
2556129,1.0
2556801,0.0
2556808,1.0
2556843,1.0
2557162,1.0
2557233,1.0
2557533,0.0
2558356,1.0
2558385,1.0
2559089,0.0
2559382,1.0
2559452,1.0
2559588,1.0
2560219,1.0
2560261,1.0
2561160,0.0
2561594,1.0
2561641,1.0
2562267,1.0
2562741,1.0
2564031,1.0
2564682,1.0
2565033,1.0
2565074,1.0
2565456,0.0
2565508,1.0
2565753,1.0
2565793,1.0
2566902,1.0
2566941,0.0
2566945,0.0
2566955,0.0
2566956,1.0
2567410,1.0
2567468,1.0
2568120,0.0
2568280,0.0
2568453,1.0
2568560,1.0
2570268,1.0
2570764,1.0
2570832,1.0
2570969,1.0
2571242,1.0
2571556,0.0
2571607,1.0
2571811,0.0
2572065,0.0
2572309,0.0
2572358,1.0
2572986,1.0
2573490,1.0
2573591,1.0
2573730,1.0
2574082,0.0
2574229,1.0
2574344,1.0
2575545,1.0
2575992,0.0
2576720,1.0
2576915,1.0
2577322,1.0
2577505,1.0
2577520,1.0
2577629,0.0
2578218,1.0
2578702,1.0
2579168,0.0
2579398,1.0
2579864,1.0
2580184,1.0
2580314,0.0
2580345,1.0
2580681,0.0
2580718,1.0
2580767,1.0
2581072,1.0
2581134,1.0
2581354,0.0
2581693,1.0
2582441,1.0
2582579,1.0
2582724,1.0
2582750,1.0
2582937,0.0
2582953,1.0
2583052,1.0
2583398,1.0
2583542,1.0
2583675,1.0
2584020,1.0
2584168,1.0
2584365,1.0
2584563,1.0
2584609,0.0
2584988,1.0
2585003,1.0
2585407,1.0
2585689,1.0
2585880,0.0
2585928,1.0
2586167,1.0
2586873,1.0
2586983,1.0
2587474,1.0
2588110,1.0
2588652,0.0
2588786,1.0
2589060,0.0
2589757,1.0
2589946,1.0
2590031,1.0
2590431,0.0
2590572,1.0
2590621,0.0
2590641,1.0
2591988,0.0
2592184,0.0
2592332,1.0
2592380,0.0
2592740,1.0
2593004,1.0
2593368,0.0
2593374,1.0
2593380,1.0
2594033,1.0
2594150,1.0
2594162,1.0
2594643,1.0
2594728,0.0
2595164,0.0
2595343,1.0
2595723,1.0
2595803,1.0
2596011,1.0
2596175,1.0
2596369,0.0
2596912,0.0
2597394,0.0
2598104,0.0
2598308,0.0
2598416,0.0
2599529,1.0
2599804,0.0
2599945,1.0
2600088,1.0
2600352,1.0
2600664,1.0
2600694,0.0
2600947,0.0
2601706,0.0
2601874,0.0
2602102,0.0
2603722,0.0
2603899,1.0
2603909,1.0
2604135,0.0
2604348,1.0
2604359,1.0
2604634,0.0
2604670,1.0
2605022,1.0
2605062,1.0
2605215,0.0
2605860,1.0
2605891,1.0
2606096,1.0
2606246,1.0
2606380,0.0
2606388,0.0
2606420,1.0
2606430,0.0
2606953,1.0
2607107,0.0
2607792,1.0
2607856,1.0
2609233,1.0
2609387,1.0
2609424,1.0
2609602,0.0
2609984,1.0
2610085,1.0
2610430,1.0
2610654,1.0
2611056,1.0
2611067,1.0
2611338,1.0
2611629,1.0
2611911,0.0
2612093,1.0
2612098,1.0
2612398,1.0
2612809,1.0
2613170,0.0
2613178,1.0
2613363,1.0
2613725,0.0
2613786,1.0
2614148,1.0
2614332,1.0
2615009,1.0
2615310,1.0
2615680,1.0
2616174,0.0
2616398,1.0
2616443,1.0
2616520,0.0
2616834,0.0
2616955,1.0
2617220,1.0
2617319,0.0
2617344,1.0
2617506,1.0
2617638,0.0
2618277,1.0
2618451,0.0
2618566,1.0
2618662,1.0
2618691,0.0
2618733,1.0
2618737,1.0
2618756,0.0
2618841,1.0
2619068,1.0
2619073,0.0
2619158,1.0
2619203,1.0
2619408,1.0
2619999,1.0
2620293,0.0
2620294,0.0
2620558,0.0
2620765,0.0
2621003,0.0
2621673,1.0
2621976,0.0
2622122,1.0
2622416,1.0
2623172,1.0
2623481,1.0
2623692,0.0
2623721,1.0
2623878,1.0
2623915,1.0
2623940,1.0
2624057,1.0
2624369,0.0
2624446,1.0
2625229,1.0
2625287,0.0
2625389,1.0
2625750,1.0
2626138,1.0
2626165,1.0
2626438,0.0
2626548,1.0
2626736,1.0
2626903,1.0
2627174,1.0
2627187,1.0
2627557,1.0
2627683,1.0
2628835,1.0
2628913,1.0
2629241,1.0
2629417,0.0
2629428,0.0
2629713,0.0
2629762,1.0
2630090,1.0
2631697,1.0
2632219,1.0
2632243,1.0
2632293,0.0
2632763,0.0
2632824,1.0
2633124,1.0
2633369,1.0
2633429,1.0
2633497,1.0
2633576,1.0
2633629,1.0
2633687,1.0
2633692,1.0
2633871,1.0
2633898,0.0
2633958,0.0
2634079,1.0
2634102,1.0
2634244,0.0
2634494,1.0
2634550,0.0
2634566,1.0
2634921,1.0
2634975,1.0
2635415,1.0
2635542,1.0
2635743,1.0
2635769,1.0
2635818,1.0
2636263,1.0
2637355,1.0
2637749,0.0
2638072,1.0
2638079,1.0
2638566,1.0
2638722,1.0
2638725,1.0
2638742,1.0
2638861,1.0
2639132,0.0
2639236,1.0
2639262,1.0
2639340,0.0
2639353,1.0
2639499,1.0
2639566,1.0
2640012,1.0
2640058,1.0
2640086,1.0
2640263,1.0
2640368,0.0
2640396,1.0
2640413,0.0
2640482,0.0
2640503,1.0
2640568,0.0
2640743,1.0
2641119,1.0
2641380,0.0
2641585,1.0
2641692,1.0
2641938,0.0
2642202,1.0
2642580,1.0
2642782,1.0
2642809,1.0
2642816,1.0
2643059,1.0
2643523,1.0
2643742,0.0
2643942,1.0
2644084,1.0
2644310,1.0
2644978,0.0
2645203,0.0
2645506,0.0
2645676,0.0
2645780,1.0
2645857,0.0
2645886,1.0
2646366,0.0
2646427,1.0
2646443,1.0
2647083,1.0
2647951,1.0
2647991,1.0
2648070,1.0
2648352,0.0
2648433,1.0
2648818,1.0
2648830,1.0
2649106,1.0
2649359,0.0
2649441,0.0
2649742,1.0
2649782,1.0
2649959,1.0
2649976,0.0
2650119,0.0
2650232,1.0
2650337,1.0
2650391,0.0
2650424,1.0
2650564,1.0
2650748,1.0
2650757,1.0
2651229,0.0
2651277,1.0
2651283,1.0
2651643,0.0
2653074,1.0
2653081,1.0
2654088,1.0
2654630,1.0
2654655,1.0
2654755,1.0
2654914,0.0
2654955,1.0
2655170,1.0
2655183,1.0
2655193,1.0
2655594,1.0
2655706,0.0
2655710,1.0
2655733,1.0
2655950,1.0
2656018,1.0
2656298,0.0
2656381,0.0
2656621,1.0
2656693,0.0
2656883,0.0
2656961,1.0
2657067,1.0
2657234,0.0
2657284,1.0
2657472,1.0
2657606,1.0
2657644,1.0
2658017,1.0
2658079,1.0
2658081,0.0
2658100,1.0
2658542,0.0
2658562,0.0
2658617,0.0
2658698,0.0
2658995,1.0
2659209,1.0
2659296,1.0
2659681,1.0
2659704,1.0
2660012,0.0
2660015,1.0
2660296,1.0
2660400,0.0
2660562,1.0
2660911,1.0
2660956,1.0
2660960,0.0
2661082,1.0
2661211,1.0
2661285,1.0
2661417,1.0
2661424,1.0
2661541,1.0
2661565,1.0
2661594,1.0
2661963,0.0
2661968,1.0
2662085,1.0
2662110,1.0
2662130,0.0
2662169,1.0
2662175,0.0
2662325,1.0
2662511,1.0
2662571,1.0
2662589,1.0
2662812,1.0
2662986,0.0
2663037,0.0
2663250,1.0
2663300,0.0
2663432,0.0
2663458,1.0
2663472,0.0
2663495,1.0
2663552,1.0
2663852,1.0
2663996,1.0
2664139,1.0
2664191,1.0
2664230,0.0
2664239,0.0
2664267,1.0
2664327,1.0
2664391,0.0
2664399,1.0
2664431,1.0
2664481,1.0
2664483,1.0
2664583,0.0
2664590,1.0
2664738,1.0
2664810,0.0
2665077,0.0
2665321,0.0
2665652,1.0
2666370,0.0
2666698,1.0
2666713,1.0
2666966,1.0
2667109,0.0
2667334,0.0
2667420,1.0
2667459,0.0
2667590,0.0
2667608,1.0
2667642,1.0
2667888,1.0
2667922,0.0
2667991,1.0
2668069,1.0
2668115,0.0
2668167,1.0
2668252,1.0
2668255,1.0
2668297,1.0
2669248,0.0
2669334,1.0
2669501,1.0
2669571,1.0
2669600,1.0
2669637,1.0
2669649,1.0
2669687,0.0
2669737,0.0
2669745,1.0
2669797,1.0
2669818,0.0
2669845,0.0
2670000,0.0
2670080,0.0
2670210,0.0
2670240,1.0
2670263,1.0
2670289,1.0
2670307,1.0
2670319,1.0
2670332,1.0
2670348,0.0
2670365,0.0
2670400,1.0
2670444,1.0
2670547,1.0
2670635,0.0
2670658,0.0
2670797,1.0
2670815,0.0
2670884,1.0
2670905,1.0
2671026,1.0
2671173,1.0
2671205,1.0
2671214,0.0
2671250,1.0
2671276,1.0
2671711,0.0
2671889,1.0
2672037,0.0
2672225,0.0
2672306,0.0
2672342,0.0
2672361,0.0
2672423,1.0
2672474,1.0
2672554,1.0
2672704,1.0
2672708,0.0
2672897,1.0
2673135,1.0
2673232,1.0
2673462,0.0
2673491,0.0
2673787,1.0
2673822,1.0
2674160,0.0
2674283,0.0
2674378,0.0
2674400,1.0
2674489,1.0
2674522,1.0
2674702,1.0
2674785,1.0
2674905,1.0
2674934,1.0
2674985,1.0
2675004,0.0
2675072,1.0
2675110,1.0
2675176,1.0
2675276,1.0
2675296,1.0
2675316,1.0
2675345,1.0
2675357,1.0
2675379,1.0
2675394,1.0
2675422,0.0
2675502,1.0
2675517,1.0
2675704,1.0
2675741,0.0
2675830,1.0
2675904,0.0
2675907,1.0
2675918,1.0
2676101,0.0
2676193,1.0
2676200,0.0
2676219,1.0
2676291,1.0
2676361,1.0
2676491,1.0
2676518,0.0
2676522,1.0
2676527,1.0
2676531,0.0
2676540,1.0
2676568,1.0
2676576,0.0
2676616,1.0
2676718,0.0
2676845,1.0
2676878,1.0
2676895,1.0
2677112,1.0
2677123,1.0
2677204,1.0
2677251,0.0
2677277,0.0
2677322,0.0
2677327,1.0
2677544,1.0
2677613,1.0
2677642,0.0
2677693,1.0
2677705,1.0
2677768,1.0
2677770,1.0
2677832,0.0
2677963,1.0
2678102,0.0
2678298,1.0
2678441,1.0
2678497,1.0
2678520,1.0
2678530,1.0
2678540,0.0
2678597,1.0
2678735,1.0
2678833,1.0
2678843,1.0
2678867,0.0
2678957,0.0
2679084,1.0
2679183,1.0
2679201,1.0
2679256,1.0
2679442,1.0
2679540,1.0
2679673,1.0
2680099,1.0
2680178,0.0
2680383,0.0
2680519,1.0
2680691,1.0
2680757,1.0
2680769,1.0
2680879,1.0
2680885,1.0
2680937,1.0
2680939,0.0
2681052,0.0
2681101,1.0
2681135,1.0
2681214,1.0
2681311,1.0
2681375,0.0
2681570,1.0
2681585,1.0
2681614,1.0
2681672,1.0
2681800,0.0
2681912,1.0
2681939,0.0
2682001,1.0
2682342,1.0
2682650,1.0
2682801,1.0
2682929,1.0
2682957,1.0
2683181,1.0
2683211,1.0
2683224,1.0
2683378,1.0
2683390,0.0
2683436,1.0
2683548,0.0
2683575,1.0
2683801,1.0
2683818,1.0
2683901,1.0
2683969,1.0
2684396,1.0
2684427,1.0
2684565,1.0
2684654,1.0
2684666,0.0
2684702,0.0
2684717,0.0
2684721,1.0
2685160,0.0
2685245,0.0
2685271,0.0
2685353,1.0
2685510,1.0
2685528,1.0
2685557,0.0
2685859,1.0
2685923,1.0
2686334,1.0
2686454,1.0
2686546,0.0
2686550,1.0
2686615,0.0
2686777,1.0
2686802,1.0
2686899,0.0
2686957,0.0
2686972,1.0
2686981,1.0
2687052,1.0
2687075,1.0
2687209,1.0
2687346,0.0
2687413,0.0
2687627,1.0
2687728,1.0
2687873,1.0
2688161,0.0
2688315,1.0
2688408,1.0
2688501,0.0
2688507,1.0
2688620,0.0
2688906,1.0
2688973,1.0
2689184,0.0
2689451,1.0
2689889,1.0
2690575,0.0
2690616,1.0
2690903,0.0
2691111,0.0
2691245,0.0
2691338,1.0
2691951,0.0
2691977,1.0
2692280,1.0
2692301,1.0
2692331,0.0
2692681,1.0
2692960,1.0
2693195,0.0
2693288,1.0
2693320,1.0
2693416,1.0
2693692,0.0
2693694,0.0
2694026,1.0
2694391,1.0
2694609,1.0
2694708,1.0
2694779,1.0
2694985,1.0
2695073,1.0
2695075,0.0
2695188,1.0
2695231,0.0
2695358,1.0
2695369,0.0
2695457,1.0
2695577,0.0
2696118,0.0
2696254,1.0
2696274,1.0
2696313,1.0
2696533,1.0
2696716,1.0
2696859,1.0
2696958,1.0
2697084,1.0
2697086,0.0
2697349,1.0
2697434,0.0
2697611,1.0
2697834,1.0
2698070,1.0
2698087,1.0
2698279,0.0
2698335,0.0
2698360,0.0
2698636,1.0
2698664,0.0
2698783,0.0
2699100,0.0
2699357,0.0
2699361,1.0
2699411,1.0
2699895,0.0
2700351,1.0
2700623,0.0
2700651,1.0
2700679,1.0
2700895,1.0
2701334,1.0
2702118,1.0
2702307,0.0
2702333,1.0
2702623,1.0
2702651,1.0
2702824,1.0
2702909,1.0
2703111,1.0
2703123,1.0
2703406,1.0
2703531,1.0
2704020,0.0
2704171,1.0
2704574,1.0
2704934,0.0
2705042,0.0
2705355,1.0
2705453,1.0
2705591,1.0
2706129,0.0
2706200,1.0
2706364,1.0
2706430,1.0
2706677,0.0
2706725,0.0
2706848,1.0
2706979,1.0
2707202,1.0
2707985,0.0
2708183,1.0
2708299,0.0
2708415,1.0
2708489,1.0
2708616,1.0
2708749,0.0
2709422,0.0
2710086,1.0
2710577,1.0
2711839,1.0
2712602,1.0
2712758,0.0
2712979,1.0
2713025,1.0
2713587,1.0
2713948,1.0
2714304,1.0
2714718,1.0
2715310,0.0
2715445,1.0
2715446,1.0
2715868,0.0
2716534,1.0
2716696,1.0
2717712,1.0
2718345,0.0
2718407,1.0
2718430,1.0
2718455,0.0
2718518,0.0
2718544,0.0
2719056,1.0
2719296,1.0
2719492,1.0
2719972,1.0
2720601,0.0
2720759,0.0
2721146,0.0
2721475,1.0
2721624,1.0
2721809,1.0
2721977,1.0
2722073,0.0
2722164,1.0
2723846,1.0
2723873,0.0
2723914,1.0
2724156,1.0
2724852,0.0
2726516,1.0
2726631,1.0
2727749,0.0
2728168,1.0
2728311,1.0
2728575,1.0
2728843,0.0
2728902,1.0
2728969,1.0
2729129,1.0
2729371,1.0
2729618,1.0
2729789,0.0
2729901,1.0
2730319,0.0
2731074,0.0
2731144,1.0
2731661,1.0
2731741,1.0
2732320,1.0
2733204,0.0
2733766,1.0
2734216,1.0
2734813,1.0
2735167,1.0
2735261,1.0
2735559,1.0
2735768,1.0
2735942,1.0
2736034,1.0
2736169,1.0
2736198,0.0
2736488,1.0
2736888,0.0
2737595,0.0
2737689,1.0
2737840,0.0
2738073,1.0
2738359,1.0
2738733,1.0
2739207,1.0
2739305,0.0
2739572,1.0
2739753,1.0
2739788,1.0
2740080,1.0
2740505,1.0
2740749,1.0
2740817,1.0
2741187,1.0
2741211,1.0
2741506,1.0
2741678,1.0
2741713,0.0
2741804,1.0
2742214,1.0
2742358,0.0
2742388,0.0
2742731,1.0
2742750,1.0
2743258,1.0
2743315,0.0
2743452,1.0
2743598,1.0
2743822,1.0
2743958,1.0
2744414,1.0
2744625,1.0
2745005,1.0
2745097,0.0
2745526,1.0
2745704,1.0
2746015,1.0
2746208,0.0
2746771,0.0
2747051,1.0
2747187,1.0
2748049,1.0
2748182,0.0
2748237,0.0
2748693,1.0
2748704,1.0
2748933,1.0
2748962,1.0
2749009,0.0
2749385,0.0
2749407,1.0
2749527,1.0
2750115,1.0
2750150,1.0
2750524,1.0
2750755,1.0
2750759,1.0
2750966,1.0
2751238,1.0
2751242,0.0
2751420,1.0
2751593,1.0
2751800,1.0
2752123,1.0
2752191,1.0
2752877,1.0
2753173,1.0
2753408,0.0
2753522,1.0
2753609,1.0
2753612,1.0
2753764,0.0
2754407,1.0
2754430,1.0
2754437,1.0
2754475,1.0
2754957,0.0
2755292,0.0
2755891,1.0
2755902,1.0
2755974,1.0
2756194,1.0
2756316,1.0
2756709,1.0
2756987,1.0
2758077,1.0
2758148,0.0
2758359,0.0
2758564,1.0
2758786,1.0
2759149,1.0
2759679,1.0
2760432,1.0
2761018,1.0
2761099,1.0
2761634,1.0
2761895,0.0
2764577,1.0
2764648,1.0
2764997,0.0
2765136,1.0
2765250,1.0
2765453,1.0
2765554,1.0
2765589,1.0
2765890,1.0
2766075,1.0
2766397,0.0
2766465,0.0
2766588,1.0
2766986,1.0
2767199,1.0
2767218,0.0
2767378,1.0
2767443,1.0
2767568,0.0
2767714,1.0
2767803,1.0
2768162,0.0
2768211,0.0
2768468,1.0
2768528,1.0
2768617,1.0
2768620,1.0
2768721,0.0
2768784,1.0
2768835,0.0
2768973,1.0
2769041,1.0
2769106,1.0
2769763,1.0
2769789,1.0
2770277,1.0
2770754,1.0
2772289,1.0
2773011,1.0
2773711,1.0
2774543,1.0
2775148,1.0
2775339,1.0
2775753,1.0
2775965,1.0
2776112,1.0
2776363,0.0
2776478,0.0
2776538,0.0
2776847,1.0
2777325,1.0
2778527,1.0
2778583,1.0
2780091,0.0
2780581,1.0
2781277,1.0
2781285,1.0
2781920,1.0
2781965,1.0
2782127,1.0
2782741,1.0
2782988,1.0
2783082,1.0
2783084,1.0
2783088,1.0
2783096,0.0
2783098,1.0
2783104,1.0
2783109,0.0
2783117,1.0
2783239,1.0
2783333,1.0
2783887,1.0
2784036,1.0
2784267,1.0
2784468,1.0
2784895,1.0
2785115,1.0
2785130,1.0
2785321,1.0
2785635,0.0
2786007,1.0
2786036,0.0
2786281,1.0
2786402,0.0
2787201,1.0
2787788,1.0
2787873,1.0
2788231,1.0
2788692,1.0
2789952,1.0
2790050,1.0
2790501,1.0
2790664,1.0
2790737,1.0
2790804,1.0
2791013,1.0
2791190,1.0
2791223,1.0
2791547,0.0
2791814,1.0
2792822,0.0
2793786,1.0
2794281,1.0
2796075,1.0
2796106,1.0
2796210,1.0
2796216,1.0
2797622,1.0
2799765,1.0
2800483,1.0
2800981,1.0
2801359,0.0
2801742,1.0
2801774,1.0
2801775,0.0
2801866,1.0
2802116,1.0
2803518,1.0
2804221,1.0
2804622,1.0
2804894,1.0
2805903,1.0
2806183,1.0
2806256,1.0
2806524,1.0
2807103,0.0
2808753,1.0
2809422,0.0
2809450,1.0
2810112,0.0
2810462,1.0
2810925,1.0
2811046,1.0
2811422,1.0
2811537,0.0
2811739,0.0
2811798,1.0
2812289,1.0
2812336,0.0
2812411,0.0
2812906,1.0
2813039,1.0
2813186,1.0
2813410,1.0
2813620,1.0
2813905,1.0
2814158,1.0
2814684,1.0
2815582,1.0
2816141,1.0
2816590,1.0
2816649,1.0
2817049,1.0
2817641,1.0
2817682,1.0
2818190,1.0
2818207,1.0
2818225,1.0
2819671,1.0
2820061,1.0
2820096,1.0
2820326,1.0
2820758,1.0
2820934,1.0
2821021,1.0
2821193,1.0
2821393,1.0
2821784,0.0
2822839,1.0
2823376,1.0
2823806,0.0
2823898,1.0
2824571,1.0
2824848,1.0
2825340,1.0
2825983,0.0
2826081,1.0
2826404,1.0
2827532,1.0
2827566,1.0
2828009,1.0
2828316,1.0
2828770,0.0
2829818,1.0
2830292,0.0
2831085,1.0
2831196,1.0
2832131,1.0
2832286,1.0
2832323,1.0
2832480,1.0
2832693,1.0
2833499,1.0
2834205,0.0
2834437,1.0
2835246,0.0
2836169,1.0
2836349,1.0
2836354,1.0
2836410,1.0
2836555,1.0
2836895,1.0
2837409,1.0
2837679,1.0
2837960,1.0
2839454,1.0
2842403,1.0
2843179,1.0
2843251,1.0
2844578,0.0
2844667,1.0
2844729,0.0
2845026,0.0
2845236,0.0
2846080,1.0
2846426,1.0
2846529,1.0
2846936,0.0
2848300,0.0
2848326,0.0
2849352,0.0
2849421,0.0
2849871,1.0
2850516,1.0
2851206,1.0
2851442,1.0
2853516,0.0
2854235,1.0
2854589,1.0
2855396,1.0
2856041,1.0
2856176,0.0
2856255,1.0
2858899,1.0
2859493,1.0
2860171,1.0
2860194,1.0
2863073,1.0
2863824,1.0
2864095,1.0
2864956,1.0
2868217,1.0
2869580,1.0
2870516,1.0
2871932,0.0
2872687,1.0
2876173,1.0
2876642,1.0
2877335,1.0
2880313,0.0
2882102,1.0
2882996,0.0
2883408,1.0
2884084,1.0
2885183,0.0
2887374,1.0
2887503,1.0
2891890,1.0
2892554,1.0
2893117,1.0
2893422,1.0
2894206,0.0
2894472,1.0
2894520,1.0
2895580,1.0
2897719,1.0
2898669,1.0
2900336,1.0
2900415,1.0
2902540,0.0
2903848,1.0
2904922,1.0
2908215,1.0
2908490,1.0
2911326,1.0
2912754,1.0
2915808,1.0
2917955,1.0
2918198,1.0
2918618,0.0
2918899,1.0
2920118,1.0
2928143,1.0
2931405,1.0
2932163,1.0
2933618,1.0
2937196,1.0
2937907,1.0
2939625,1.0
2940061,1.0
2940112,1.0
2941463,1.0
2943756,1.0
2946526,1.0
2946934,1.0
2947341,1.0
2949841,1.0
2951772,1.0
2952741,1.0
2954538,1.0
2957350,1.0
2962309,1.0
2968071,0.0
2971614,1.0
2974679,1.0
2975332,0.0
2977990,1.0
2981558,0.0
2986619,1.0
2993222,1.0
2998750,1.0
3005840,1.0
3007224,1.0
3007585,1.0
3008310,1.0
3015659,1.0
3016228,1.0
3016820,1.0
3020144,1.0
3031679,1.0
3036619,1.0
3041574,1.0
3058640,1.0
3064742,1.0
3069765,1.0
3070296,1.0
3073833,1.0
3083327,1.0
3089761,1.0
3091775,1.0
3092293,1.0
3092324,1.0
3099478,1.0
3102166,1.0
3103251,1.0
3112383,1.0
3113250,1.0
3116540,1.0
3119579,1.0
3119791,1.0
3123350,1.0
3130029,1.0
3130680,1.0
3134988,1.0
3136155,1.0
3143555,1.0
3145226,1.0
3167416,1.0
3172685,1.0
3181071,1.0
3187720,1.0
3193336,1.0
3194836,1.0
3199431,1.0
3200847,1.0
3208139,1.0
3210966,1.0
3210970,1.0
3215794,1.0
3216767,1.0
3218275,1.0
3221853,1.0
3223476,1.0
3234578,1.0
3247062,1.0
3261863,1.0
3262905,1.0
3266471,1.0
3270322,1.0
3292655,1.0
3296691,1.0
3303007,1.0
3310291,1.0
3313713,1.0
3318769,1.0
3326370,1.0
3330559,1.0
3343750,1.0
3353959,1.0
