user,grade,gender,category,year,sessions,time_in_problem,time_in_video,lecture_delay,content_anticipation,mean_playback_speed,relative_video_pause,submissions,submissions_correct,clicks_weekend,clicks_weekday
0,4.5,,,Y2-2018-19,19.0,23344.0,29518.0,55068.3875,0.006060606060606061,0.9685189020471248,0.13743593768625204,30.0,20.0,168.0,381.0
1,4.5,M,Suisse.Autres,Y2-2018-19,34.0,16984.0,92278.0,-2883.367738095238,0.00909090909090909,1.1220137684326383,0.361389430933211,90.0,59.0,40.0,1794.0
2,5.25,M,Suisse.PAM,Y2-2018-19,53.0,23406.0,108013.0,10027.216666666669,0.23748818298818297,0.807089552238806,0.272210293910371,61.0,30.0,946.0,1292.0
3,4.5,F,Suisse.Autres,Y2-2018-19,28.0,27371.0,81855.0,27596.86448412698,0.011878787878787878,0.5,0.15122276908879992,46.0,32.0,135.0,464.0
4,4.75,F,France,Y2-2018-19,25.0,37873.0,70400.0,-914.6333333333334,0.2904210834210834,0.846793568463313,0.19640336432580918,3.0,1.0,584.0,649.0
5,4.0,M,Suisse.PAM,Y2-2018-19,25.0,25689.0,37189.0,12406.195238095239,0.036240786240786235,1.090195647489765,0.30860793618460597,38.0,24.0,312.0,508.0
6,4.25,F,France,Y2-2018-19,42.0,54752.0,97116.0,-13723.616666666669,0.2786029016029016,0.9325904901079136,0.3037204239011829,19.0,12.0,1051.0,467.0
7,4.75,F,France,Y2-2018-19,51.0,31288.0,105721.0,-74874.50666666667,0.21660290160290158,0.8,0.26693531550336563,50.0,20.0,959.0,628.0
8,5.5,M,Suisse.PAM,Y2-2018-19,36.0,53809.0,137455.0,41957.65833333333,0.2731483561483562,0.8349638850477508,0.35576571686278585,21.0,11.0,1952.0,1078.0
9,1.75,F,Suisse.Autres,Y2-2018-19,46.0,35841.0,136504.0,-33272.99982683983,0.08646220896220896,1.140924488792379,0.2573529130138294,89.0,46.0,502.0,1435.0
10,5.75,F,France,Y2-2018-19,53.0,71454.0,104319.0,4674.433333333334,0.18916666666666665,0.8248789358410191,0.26138585700146466,41.0,33.0,511.0,1179.0
11,5.5,,,Y2-2018-19,46.0,48897.0,84213.0,11665.298055555555,0.03835064935064934,1.0855111059783782,0.3678333000438559,85.0,58.0,409.0,1403.0
12,3.5,M,France,Y2-2018-19,11.0,10305.0,6691.0,29187.35,0.010606060606060607,0.6244318181818181,0.027642706131078228,64.0,26.0,1.0,438.0
13,2.5,M,France,Y2-2018-19,26.0,757.0,107082.0,60390.36793650794,0.21556277056277057,0.7,0.19786695880795518,0.0,0.0,1777.0,1223.0
14,5.0,M,France,Y2-2018-19,17.0,22950.0,38977.0,-25148.09642857143,0.054727272727272736,0.7,0.07864013266998342,57.0,38.0,155.0,352.0
15,2.75,M,Suisse.Autres,Y2-2018-19,41.0,24357.0,120324.0,41254.98756132756,0.018787878787878787,0.8249244712990936,0.26192809646809023,133.0,65.0,524.0,1551.0
16,2.25,F,France,Y2-2018-19,44.0,32017.0,94626.0,14538.805714285714,0.10747835497835498,1.0,0.33430720302219985,6.0,3.0,522.0,1173.0
17,3.0,M,France,Y2-2018-19,30.0,26567.0,74009.0,32118.63333333334,0.23725008775008774,0.9621546002574242,0.2842354938405446,17.0,10.0,1023.0,140.0
18,3.0,M,Suisse.PAM,Y2-2018-19,28.0,937.0,90824.0,9407.895,0.0030303030303030303,1.0135433877166713,0.350885746560088,22.0,12.0,93.0,1396.0
19,5.0,M,France,Y2-2018-19,39.0,19797.0,83315.0,-31808.528333333332,0.2290841815841816,0.8250679347826086,0.25410727341647193,38.0,23.0,1504.0,1075.0
20,4.5,M,France,Y2-2018-19,60.0,55297.0,130431.0,-25749.789523809526,0.12505247455247454,1.1080925935334296,0.29852168009508157,53.0,39.0,663.0,1884.0
21,2.5,F,France,Y2-2018-19,36.0,14186.0,23920.0,-13953.200833333336,0.25296653796653795,0.9,0.10909032039736037,15.0,10.0,189.0,316.0
22,2.25,F,Suisse.Autres,Y2-2018-19,22.0,9064.0,103620.0,-29902.57833333334,0.07933017433017434,0.9969358974358974,0.3043633446475304,41.0,15.0,976.0,1028.0
23,4.25,M,France,Y2-2018-19,56.0,48924.0,124550.0,-22679.607063492065,0.1812948987948988,0.8049886891660553,0.3259972707033445,61.0,40.0,1331.0,1353.0
24,3.5,M,Suisse.Autres,Y2-2018-19,45.0,7254.0,109523.0,-58750.04839826841,0.04108927108927109,1.2136939520973018,0.30211127160149925,80.0,45.0,581.0,1231.0
25,2.25,,,Y2-2018-19,40.0,35337.0,100960.0,21109.8176046176,0.08880572130572131,1.003338453444218,0.27509801093174224,59.0,31.0,769.0,1742.0
26,4.0,M,Etranger.Autres,Y2-2018-19,25.0,6043.0,79264.0,30894.8025,0.13424242424242422,0.9,0.17651557952405408,8.0,4.0,14.0,495.0
27,4.25,F,France,Y2-2018-19,11.0,30319.0,12857.0,-12629.960000000001,0.0030303030303030303,0.3,0.07275020475020474,16.0,8.0,27.0,302.0
28,5.25,,,Y2-2018-19,25.0,31527.0,56408.0,-117034.78499999999,0.13308061308061309,0.9,0.22727425690159647,58.0,45.0,494.0,1149.0
29,4.0,M,Suisse.PAM,Y2-2018-19,31.0,27903.0,49229.0,-56943.15916666666,0.20639727389727386,1.0112360512843066,0.1864978476641601,77.0,33.0,409.0,532.0
30,2.5,,,Y2-2018-19,29.0,512.0,92912.0,22732.590984848484,0.007575757575757576,0.806173780487805,0.129928795920282,28.0,8.0,89.0,696.0
31,4.25,M,Suisse.PAM,Y2-2018-19,26.0,8450.0,48527.0,15881.053650793652,0.12818181818181817,0.8,0.16115734164012244,43.0,31.0,158.0,758.0
32,4.25,M,France,Y2-2018-19,25.0,21034.0,55650.0,29158.427738095244,0.004545454545454545,1.1622248478059296,0.1946820694596178,58.0,35.0,49.0,1004.0
33,5.0,F,France,Y2-2018-19,18.0,8438.0,46427.0,-4285.071212121212,0.15316134316134317,0.7104369346304831,0.10629517880985265,4.0,2.0,415.0,1041.0
34,4.0,M,France,Y2-2018-19,42.0,30732.0,90116.0,-37797.365277777775,0.2543886158886159,1.1077838656400583,0.2568791539677375,71.0,27.0,833.0,747.0
35,3.75,M,France,Y2-2018-19,28.0,19351.0,38493.0,42516.44555555556,0.005030303030303031,1.1109940114243595,0.1303171808939294,38.0,25.0,7.0,958.0
36,4.75,M,Suisse.PAM,Y2-2018-19,57.0,46941.0,83333.0,-23648.795555555556,0.08473797823797824,1.1394096268053553,0.15825380343583484,79.0,46.0,272.0,1688.0
37,3.75,,,Y2-2018-19,30.0,23923.0,51237.0,-19947.739592352093,0.006601731601731602,1.031889701207883,0.24951250218872353,171.0,89.0,30.0,1162.0
38,5.5,M,France,Y2-2018-19,46.0,42603.0,73767.0,60069.79801587302,0.06768398268398268,1.1959667443168125,0.2746299664371505,64.0,37.0,435.0,818.0
39,6.0,M,Suisse.Autres,Y2-2018-19,24.0,47167.0,81723.0,-35743.543650793654,0.02113841113841114,1.1895832038180072,0.38032880214592263,126.0,88.0,226.0,2509.0
40,2.0,M,Suisse.Autres,Y2-2018-19,12.0,1160.0,22451.0,43372.555555555555,0.0292965367965368,0.5,0.14687592101385205,21.0,6.0,167.0,108.0
41,3.75,M,France,Y2-2018-19,33.0,21785.0,66142.0,-45951.32396825397,0.09669047619047619,1.1781450788205892,0.1329536327123727,48.0,36.0,330.0,2136.0
42,5.0,M,France,Y2-2018-19,36.0,27435.0,115819.0,-20648.032341269838,0.050909090909090904,0.921749226006192,0.32988990186763933,126.0,67.0,50.0,2080.0
43,5.0,M,Suisse.Autres,Y2-2018-19,19.0,25822.0,47041.0,-18562.05873015873,0.06816883116883117,1.0447389116767374,0.2318321044781695,57.0,33.0,84.0,1131.0
44,2.5,F,Suisse.PAM,Y2-2018-19,32.0,13867.0,99049.0,-15206.825476190477,0.057223587223587224,0.9106206876601244,0.3148652147225771,110.0,68.0,344.0,1731.0
45,3.75,F,France,Y2-2018-19,17.0,35328.0,4176.0,17678.15,0.0030303030303030303,0.358495145631068,0.017857142857142856,115.0,67.0,0.0,367.0
46,4.5,F,France,Y2-2018-19,32.0,14157.0,107735.0,-7539.150714285715,0.21478471978471977,0.9,0.3217337349318695,1.0,1.0,1152.0,728.0
47,1.25,M,Suisse.PAM,Y2-2018-19,18.0,317.00000000000006,25618.0,936.125,0.01845238095238095,0.7746925890374685,0.1949908649111342,4.0,3.0,15.0,559.0
48,4.75,M,Suisse.Autres,Y2-2018-19,38.0,47501.0,133577.0,-24737.370476190477,0.15794922194922195,0.8646157585006637,0.3587657855018578,95.0,46.0,1108.0,2683.0
49,4.75,M,Suisse.PAM,Y2-2018-19,12.0,2036.0,48922.0,26543.60642857143,0.007575757575757576,0.6,0.21997107810354627,0.0,0.0,37.0,808.0
50,3.25,F,Suisse.Autres,Y2-2018-19,37.0,206.0,157238.0,90084.69142857143,0.10505411255411254,0.700398406374502,0.14868863632990983,0.0,0.0,1314.0,3095.0
51,3.75,F,France,Y2-2018-19,34.0,26513.0,76287.0,-75932.26678210679,0.21276091026091026,0.8006338719420114,0.24799192496939795,66.0,35.0,855.0,1603.0
52,3.25,M,France,Y2-2018-19,45.0,28921.0,81926.0,-16744.213333333337,0.17826459576459577,0.9129999999999999,0.18693711810464186,51.0,32.0,906.0,939.0
53,5.25,,,Y2-2018-19,28.0,29882.0,74386.0,-40220.58333333333,0.13723517023517023,0.9823164556962025,0.23585453561171574,30.0,21.0,497.0,655.0
54,1.5,F,Suisse.Autres,Y2-2018-19,32.0,36819.0,95436.0,-28899.278095238096,0.20287229437229434,1.1006949726420414,0.3198695385146083,95.0,42.0,1248.0,1797.0
55,3.5,F,France,Y2-2018-19,42.0,70252.0,138872.0,-14512.723333333333,0.2762998712998713,0.7993866438281227,0.30516890166317784,11.0,7.0,3016.0,649.0
57,4.5,F,France,Y2-2018-19,22.0,1632.0,51515.0,24559.506746031744,0.05344512694512695,0.9310153790315093,0.23003788961881969,0.0,0.0,295.0,416.0
58,2.5,F,Suisse.Autres,Y2-2018-19,47.0,3704.0,128265.0,26694.866731601727,0.09258073008073009,1.1822983650825631,0.4296383244434384,12.0,4.0,925.0,1711.0
59,4.75,,,Y2-2018-19,35.0,16544.0,66670.0,55581.33968253968,0.0642039897039897,1.3920278564975512,0.22808460746373854,51.0,27.0,708.0,902.0
60,5.5,F,France,Y2-2018-19,40.0,37904.0,110975.0,6222.379999999999,0.22368070668070666,0.9394256893655862,0.15865143534376727,21.0,12.0,1597.0,2288.0
62,5.0,M,Suisse.Autres,Y2-2018-19,37.0,24548.0,82400.0,-14711.184527417028,0.05327629577629578,1.0320506391491389,0.3146328392995211,146.0,87.0,136.0,2544.0
63,2.5,M,Suisse.PAM,Y2-2018-19,18.0,0.0,59639.0,-35457.85981240981,0.008452380952380953,0.9759764978483945,0.31291565698579554,0.0,0.0,69.0,922.0
64,4.0,F,Etranger.Autres,Y2-2018-19,12.0,11899.0,36011.0,9656.113333333333,0.013636363636363636,0.35146128720956127,0.08594884783012605,19.0,11.0,376.0,616.0
65,1.75,,,Y2-2018-19,18.0,7890.0,70028.0,9414.05,0.01,0.7177325884828727,0.18395031881968743,15.0,10.0,315.0,778.0
66,3.25,M,France,Y2-2018-19,35.0,10749.0,118360.0,44457.234267676766,0.004545454545454545,0.9,0.06229534740380123,33.0,17.0,19.0,553.0
68,3.25,M,France,Y2-2018-19,27.0,20233.0,41784.0,42404.78214285714,0.035744588744588746,0.7361559139784946,0.053500000000000006,63.0,43.0,171.0,236.0
69,1.0,M,France,Y2-2018-19,34.0,0.0,81748.0,12676.767142857145,0.05636363636363636,0.700905668456594,0.14320569629783092,0.0,0.0,275.0,1799.0
70,5.75,M,France,Y2-2018-19,32.0,59301.0,30083.0,64817.75714285715,0.03041125541125541,1.2789128301997306,0.1030414565681117,45.0,26.0,732.0,496.0
71,3.0,,,Y2-2018-19,31.0,39073.0,41924.0,15564.98,0.026666666666666665,0.9,0.3374734019699352,17.0,5.0,236.0,955.0
72,2.5,F,Suisse.PAM,Y2-2018-19,11.0,41641.0,63777.0,-20531.25,0.0,0.3250797024442083,0.06887177322923262,2.0,1.0,167.0,994.0
73,5.0,F,Suisse.PAM,Y2-2018-19,24.0,49716.0,90848.0,0.0,0.28678471978471975,0.7997524752475248,0.24177784022997426,0.0,0.0,787.0,1237.0
74,4.25,M,France,Y2-2018-19,23.0,0.0,61951.0,53986.42833333333,0.07650432900432899,0.8560330464998465,0.3319037935062688,0.0,0.0,582.0,468.0
75,5.25,M,Etranger.Autres,Y2-2018-19,20.0,25422.0,17660.0,39515.13333333333,0.0,0.5263031659737768,0.11453679773888034,27.0,14.0,0.0,495.0
76,3.25,M,Suisse.Autres,Y2-2018-19,46.0,908.0,148800.0,-3362.5282792207786,0.04393939393939393,1.0180281690140844,0.38426668805492514,10.0,6.0,582.0,2497.0
77,4.5,,,Y2-2018-19,39.0,47879.0,118558.0,12064.938333333335,0.19462823212823213,0.9089455625218219,0.21597939952412495,59.0,37.0,1876.0,2211.0
79,1.25,M,Suisse.Autres,Y2-2018-19,28.0,6440.0,79686.0,2251.412857142858,0.0743831168831169,0.9,0.09488220415815649,0.0,0.0,41.0,303.0
80,3.25,,,Y2-2018-19,15.0,9295.0,58072.0,13941.697499999998,0.005086580086580086,1.0211615284089222,0.2343942840327386,24.0,10.0,53.0,591.0
81,2.0,M,Suisse.Autres,Y2-2018-19,53.0,21352.0,118213.0,12686.044603174605,0.011212121212121211,0.9198275862068964,0.16430354237189498,129.0,63.0,21.0,1773.0
82,3.5,M,Suisse.PAM,Y2-2018-19,38.0,9096.0,137228.0,38214.560952380954,0.0,0.900110864745011,0.3849244926454877,118.0,43.0,242.0,4535.0
83,4.5,M,France,Y2-2018-19,34.0,7939.0,118212.0,19322.258214285714,0.0030303030303030303,1.009421396921397,0.37697207887812706,93.0,53.0,33.0,2546.0
84,5.0,F,Etranger.Autres,Y2-2018-19,45.0,48610.0,128520.0,85457.84833333333,0.04158558558558558,1.0035223367697594,0.29394114545388333,114.0,69.0,692.0,1883.0
85,2.5,,,Y2-2018-19,48.0,23762.0,109724.0,-9434.078333333333,0.257537323037323,0.9001497005988025,0.3304573314612186,2.0,1.0,725.0,877.0
86,4.25,,,Y2-2018-19,13.0,12290.0,40069.0,-13271.240357142855,0.010714285714285714,1.183924664317321,0.19865557125221311,59.0,39.0,46.0,589.0
87,1.25,F,Suisse.Autres,Y2-2018-19,17.0,0.0,27969.0,18441.976746031745,0.013030303030303031,0.6237837837837839,0.1104837511531701,0.0,0.0,81.0,577.0
88,4.5,M,France,Y2-2018-19,56.0,82044.0,133523.0,-187.70623015872806,0.09537293787293787,1.0955923279606155,0.4075782436490452,124.0,60.0,214.0,6223.0
89,1.75,M,France,Y2-2018-19,22.0,9735.0,18870.0,33322.38333333333,0.04,0.7,0.0647746060667409,3.0,1.0,82.0,130.0
90,3.75,M,Suisse.PAM,Y2-2018-19,47.0,34536.0,81217.0,30804.313282828276,0.004545454545454545,1.0558893829299554,0.12272779056775826,122.0,63.0,0.0,984.0
91,4.0,F,Suisse.Autres,Y2-2018-19,52.0,40978.0,119357.0,16761.34221500722,0.014242424242424242,0.9784655407424463,0.2393168131604891,117.0,53.0,168.0,2488.0
92,5.25,F,France,Y2-2018-19,97.0,80158.0,274917.0,-228.825,0.31011805311805307,1.0571478238278622,0.11820709490076815,9.0,3.0,1017.0,2436.0
93,4.75,F,France,Y2-2018-19,43.0,43591.0,88830.0,-18959.416666666668,0.2602392652392652,0.8,0.2294292981808216,0.0,0.0,259.0,876.0
94,1.0,M,Suisse.PAM,Y2-2018-19,16.0,7780.0,36089.0,28959.74492063492,0.004545454545454545,0.8001168224299064,0.25317655436253,40.0,20.0,0.0,559.0
96,3.25,M,France,Y2-2018-19,27.0,23502.0,45375.0,60655.94015151515,0.0,0.7835443572640621,0.11499320847628114,72.0,41.0,306.0,2493.0
97,3.5,M,France,Y2-2018-19,33.0,18183.0,129384.0,116457.22667748916,0.0035714285714285713,0.8519002673763513,0.29992820480447924,83.0,41.0,542.0,1993.0
98,3.75,M,Suisse.Autres,Y2-2018-19,32.0,29239.0,64014.0,15791.748412698415,0.0030303030303030303,1.0433374063212772,0.21002564740896673,102.0,57.0,0.0,702.0
99,4.0,M,Suisse.PAM,Y2-2018-19,11.0,8623.0,20889.0,61384.405000000006,0.02249034749034749,0.6539521697636557,0.08167589713693484,4.0,2.0,318.0,272.0
100,3.25,,,Y2-2018-19,15.0,8788.0,55391.0,63081.89,0.004545454545454545,0.7042929292929293,0.1473294579512599,14.0,12.0,461.0,750.0
101,5.75,,,Y2-2018-19,51.0,44139.0,112510.0,-28773.664444444446,0.10432877032877033,1.0044600938967136,0.35891146045718453,71.0,44.0,1535.0,1271.0
102,2.5,F,France,Y2-2018-19,50.0,42757.0,146470.0,2403.7499999999986,0.2821180531180531,0.9,0.34492917324138855,0.0,0.0,2827.0,947.0
103,5.25,,,Y2-2018-19,11.0,8573.0,12471.0,26125.95,0.049968702468702476,0.7762907093139652,0.10497074716411388,12.0,9.0,266.0,58.0
104,1.75,F,Suisse.Autres,Y2-2018-19,10.0,6736.0,27293.0,-394.2642857142855,0.004,0.3,0.10318297886429195,19.0,11.0,41.0,636.0
105,4.75,,,Y2-2018-19,39.0,6603.0,94923.0,-5260.496969696969,0.151017316017316,0.9893611195862835,0.25395966993379127,12.0,6.0,384.0,700.0
106,3.25,M,France,Y2-2018-19,47.0,47322.0,154559.0,79930.23972222222,0.024005499005499007,1.5266028916650736,0.2890175754588288,21.0,10.0,1553.0,1579.0
107,2.25,M,Suisse.Autres,Y2-2018-19,66.0,58361.0,204397.0,59610.09714285715,0.006702702702702704,0.9467390046916992,0.37147344790505143,92.0,23.0,544.0,2455.0
109,2.25,M,Suisse.PAM,Y2-2018-19,72.0,55426.0,125782.0,39140.899999999994,0.024774774774774775,1.3028430313436892,0.3258890113879668,40.0,11.0,294.0,2042.0
110,5.25,M,France,Y2-2018-19,42.0,21390.0,68219.0,-27127.8525,0.13277325377325377,1.4412752048866864,0.2528533955490972,64.0,39.0,737.0,967.0
112,5.5,M,Etranger.Autres,Y2-2018-19,31.0,47128.0,45312.0,45270.62777777777,0.004545454545454545,0.8811690454582954,0.12358975433168981,3.0,3.0,0.0,941.0
113,4.75,M,France,Y2-2018-19,40.0,32013.0,118110.0,-1739.8705555555557,0.19796156546156546,1.450110592059725,0.4010703078786337,61.0,39.0,1321.0,1093.0
114,3.0,,,Y2-2018-19,45.0,46354.0,111393.0,61228.734615384616,0.005571428571428572,0.8905588775413076,0.21134514927827994,37.0,25.0,371.0,1393.0
115,4.5,F,Suisse.Autres,Y2-2018-19,29.0,28985.0,42384.0,-4217.258333333333,0.0712957762957763,0.8,0.19149749837515262,4.0,1.0,361.0,714.0
116,2.5,M,Suisse.PAM,Y2-2018-19,58.0,29453.0,95044.0,17989.938412698415,0.036774774774774775,1.4013190160525801,0.25140634975734566,160.0,74.0,462.0,1564.0
117,3.75,F,France,Y2-2018-19,40.0,66780.0,26699.0,20642.4,0.051515151515151514,0.3,0.08836828458354182,22.0,15.0,161.0,470.0
118,3.5,,,Y2-2018-19,37.0,34019.0,111564.0,-9326.6,0.2048821223821224,0.8119697501655196,0.318146806051732,52.0,24.0,692.0,1226.0
119,3.25,F,Suisse.PAM,Y2-2018-19,36.0,28330.0,73705.0,-70.83722222222131,0.08422943722943722,1.0,0.2592130006915416,60.0,29.0,643.0,1339.0
120,3.5,F,France,Y2-2018-19,55.0,37351.0,231851.0,68612.33045454544,0.16072130572130572,0.969948741071115,0.29269895008765107,5.0,4.0,1539.0,3714.0
121,4.75,M,Etranger.Autres,Y2-2018-19,39.0,26359.0,74687.0,19116.48333333333,0.14735550485550486,1.284709368596237,0.18335554181937438,54.0,33.0,1269.0,1008.0
122,5.0,,,Y2-2018-19,35.0,53836.0,91676.0,-3984.9666666666662,0.2837544167544167,0.8900683544980513,0.14223824242075828,18.0,10.0,655.0,1141.0
123,5.0,M,Suisse.PAM,Y2-2018-19,40.0,25430.0,79793.0,42108.86111111111,0.1158035568035568,0.8105633802816902,0.2919254833710324,46.0,25.0,700.0,437.0
124,1.75,M,France,Y2-2018-19,9.0,485.0,18336.0,22261.0,0.0,0.647196261682243,0.11973661924119243,0.0,0.0,0.0,208.0
125,4.75,F,Suisse.Autres,Y2-2018-19,21.0,16903.0,41939.0,7914.4,0.025757575757575757,0.4,0.049199354518371395,6.0,2.0,414.0,428.0
126,1.5,F,Suisse.Autres,Y2-2018-19,7.0,4363.0,12798.0,5836.716666666667,0.0,0.2,0.06883534136546185,2.0,1.0,95.0,162.0
127,6.0,M,Etranger.Autres,Y2-2018-19,23.0,16624.0,65634.0,144964.20575396824,0.15475839475839476,1.065849224002005,0.15683115226210226,107.0,51.0,250.0,1314.0
128,4.5,M,Etranger.Autres,Y2-2018-19,46.0,12652.0,231799.0,0.0,0.0,0.6,0.20675854784221914,0.0,0.0,3779.0,1071.0
129,6.0,,,Y2-2018-19,49.0,49574.0,79074.0,0.0,0.19711781911781912,0.8,0.2867980809245208,0.0,0.0,497.0,909.0
130,4.5,M,France,Y2-2018-19,18.0,13560.0,49893.0,6212.386666666665,0.19644641394641396,0.802878787878788,0.3086412728340983,53.0,36.0,775.0,487.0
131,5.0,F,France,Y2-2018-19,36.0,53754.0,74051.0,0.0,0.25405744705744704,0.8994212962962962,0.12534522400944614,0.0,0.0,407.0,434.0
132,5.25,M,France,Y2-2018-19,34.0,21655.0,82604.0,20843.1,0.29648168948168946,1.1019585549782895,0.16087809714286047,18.0,16.0,1863.0,446.0
133,5.0,,,Y2-2018-19,32.0,27508.0,76909.0,-36066.990000000005,0.20786416286416287,0.9325825778725431,0.21715298616320747,36.0,21.0,925.0,484.0
134,5.75,M,France,Y2-2018-19,9.0,7331.0,11810.0,0.0,0.0,0.5823529411764705,0.06510856543875412,0.0,0.0,95.0,262.0
135,6.0,M,Suisse.Autres,Y2-2018-19,16.0,30029.0,31137.0,-3835.9,0.27617865917865914,0.8,0.29509793603356804,0.0,0.0,1009.0,35.0
136,4.0,F,Suisse.PAM,Y2-2018-19,40.0,22410.0,88117.0,-19208.24833333333,0.13829987129987129,1.2053370820767837,0.3548343797050411,1.0,1.0,1151.0,1023.0
137,4.25,F,France,Y2-2018-19,6.0,3128.0,14009.0,0.0,0.0,0.2166,0.06395400265369305,0.0,0.0,0.0,171.0
138,3.75,M,France,Y2-2018-19,29.0,44162.0,66139.0,-45243.14603174603,0.1095119925119925,0.955678829394677,0.20233729641860876,32.0,21.0,473.0,621.0
139,4.25,M,Suisse.Autres,Y2-2018-19,35.0,4942.0,108714.0,-41335.443636363634,0.18137931437931437,0.8003075571177505,0.29995931899074224,29.0,7.0,904.0,1607.0
140,5.25,F,France,Y2-2018-19,57.0,96241.0,92340.0,-4916.191558441553,0.17727272727272728,0.9041221911720916,0.19987227909513636,77.0,51.0,550.0,886.0
141,5.0,M,Suisse.Autres,Y2-2018-19,45.0,111238.0,29979.0,-2752.258333333334,0.007575757575757576,0.6023255813953489,0.1471892746152885,54.0,33.0,72.0,1158.0
142,4.75,M,France,Y2-2018-19,16.0,11232.0,43362.0,48726.26333333333,0.06561015561015562,0.6000862068965518,0.2606175609277461,10.0,3.0,821.0,474.0
143,2.75,M,Suisse.Autres,Y2-2018-19,19.0,5362.0,24298.0,31495.6,0.010581490581490582,0.7,0.05730009421185892,12.0,5.0,251.0,244.0
144,1.75,M,Suisse.PAM,Y2-2018-19,10.0,6444.0,16935.0,0.0,0.0,0.5,0.06663257183453022,0.0,0.0,194.0,680.0
145,4.5,,,Y2-2018-19,16.0,38638.0,1883.0,-3731.4,0.0,0.12627118644067797,0.004545454545454545,77.0,51.0,21.0,258.0
146,3.25,M,Suisse.Autres,Y2-2018-19,10.0,5124.0,21183.0,2992.2200000000003,0.016666666666666666,0.2,0.0850452196382429,7.0,4.0,172.0,115.0
147,5.5,M,France,Y2-2018-19,38.0,54405.0,0.0,0.0,0.0,0.0,0.0,104.0,80.0,0.0,320.0
148,4.25,M,Suisse.Autres,Y3-2019-20,78.0,91151.0,190979.0,-1985.8057142857172,0.25233544792229734,0.8996590497618738,0.34745754786779914,41.0,17.0,3011.0,2335.0
149,4.75,F,Suisse.Autres,Y3-2019-20,36.0,36736.0,171863.0,73423.06785436785,0.1,0.7,0.10917144851649992,102.0,45.0,1275.0,2430.0
150,2.75,,,Y3-2019-20,35.0,13423.0,91885.0,-97562.05333333333,0.26447716617881534,1.3428732388993085,0.28775015350026545,81.0,38.0,1211.0,1129.0
151,4.5,,,Y3-2019-20,23.0,4341.0,83200.0,-134181.75333333336,0.19967968396754004,1.0882953708256775,0.2944948789912034,58.0,28.0,904.0,1007.0
152,3.5,M,France,Y3-2019-20,38.0,14509.0,111546.0,38970.98333333334,0.08810921070077204,0.8911724342266287,0.2819011755159923,13.0,6.0,1241.0,397.0
153,5.0,F,Suisse.Autres,Y3-2019-20,41.0,18073.0,85022.0,-83383.56285714285,0.13605238197227915,0.900576923076923,0.2652935071975327,84.0,45.0,371.0,1341.0
154,4.75,F,France,Y3-2019-20,45.0,37692.0,110380.0,-35484.21,0.29061095302688794,1.1208618936335157,0.34456361875633407,72.0,37.0,2252.0,738.0
155,3.25,M,Suisse.PAM,Y3-2019-20,40.0,37465.0,116849.0,-17414.80865079365,0.0,1.1328416796161989,0.2635642694102875,164.0,74.0,22.0,1519.0
156,3.0,M,Suisse.PAM,Y3-2019-20,36.0,31401.0,85514.0,-41800.46031385281,0.006802721088435373,1.2079385955809598,0.19825715042219408,154.0,88.0,1.0,1190.0
157,4.5,M,France,Y3-2019-20,35.0,17543.0,110766.0,-81641.00518398269,0.058650793650793655,1.0860618705013017,0.17697112998958686,112.0,61.0,170.0,2052.0
158,5.25,M,Suisse.PAM,Y3-2019-20,42.0,14309.0,70759.0,-60533.58558441559,0.17258256925958787,0.996304347826087,0.1399727307623751,97.0,41.0,264.0,556.0
159,4.25,F,Suisse.PAM,Y3-2019-20,38.0,55627.0,94648.0,-66089.21357142857,0.12009852216748769,1.0,0.20542802047326467,102.0,48.0,563.0,1272.0
160,5.0,M,France,Y3-2019-20,52.0,49739.0,125996.0,-112167.47,0.2698919757808171,1.2568843154119969,0.31924117661473245,48.0,21.0,2234.0,1695.0
161,3.5,M,France,Y3-2019-20,44.0,36493.0,78133.0,-1793.847619047619,0.0,1.3701156162510224,0.32686278114275585,124.0,61.0,156.0,2009.0
162,5.25,F,France,Y3-2019-20,56.0,46872.0,118266.0,-12248.73246753246,0.22447403849095862,1.1227800245101742,0.2396343228931997,50.0,30.0,1186.0,1010.0
163,5.5,M,Suisse.Autres,Y3-2019-20,56.0,19955.0,78886.0,6065.739177489176,0.16255883962780515,1.0605538401075782,0.181300914791259,94.0,54.0,214.0,762.0
164,5.5,,,Y3-2019-20,76.0,19467.0,140677.0,-40660.95642857143,0.09758734578289087,1.49086001969341,0.35372798696096763,32.0,21.0,540.0,1840.0
165,2.5,F,Etranger.Autres,Y3-2019-20,55.0,0.0,208319.0,136570.04636363636,0.003333333333333333,0.9703153121151843,0.39536061998701866,0.0,0.0,2044.0,1319.0
166,4.25,F,France,Y3-2019-20,36.0,19310.0,61801.0,-112308.05,0.23140655862544918,0.9552211778222917,0.2540198248735387,20.0,4.0,1015.0,426.0
167,5.0,F,France,Y3-2019-20,24.0,17586.0,91135.0,-80803.32444444446,0.22962389553522558,0.8644068212777528,0.23336043109302765,49.0,22.0,1218.0,776.0
168,3.5,M,Suisse.PAM,Y3-2019-20,13.0,6593.0,13250.0,10455.874025974026,0.0,0.978096796638083,0.05161592185647026,52.0,27.0,0.0,800.0
169,1.75,M,Suisse.PAM,Y3-2019-20,47.0,42915.0,89587.0,40032.766904761906,0.032777777777777774,0.9752853314755121,0.2292189043721408,56.0,33.0,207.0,880.0
170,4.5,M,Suisse.Autres,Y3-2019-20,29.0,23446.0,139738.0,-60886.54666666667,0.22394428636022123,0.6998080614203455,0.2867329502388455,48.0,24.0,1841.0,743.0
171,3.25,,,Y3-2019-20,33.0,18655.0,125946.0,-52180.84333333334,0.2554068713942349,0.9197553191489363,0.37520727261597675,20.0,10.0,1337.0,428.0
172,2.75,M,Suisse.PAM,Y3-2019-20,47.0,7636.0,85276.0,-7939.765000000001,0.04054258584993218,1.4321187902969137,0.14369428787527577,0.0,0.0,496.0,2508.0
173,5.75,,,Y3-2019-20,46.0,45953.0,134347.0,-75957.27461538461,0.22352009369464923,0.8990754608294932,0.23438786923298718,38.0,30.0,1487.0,1507.0
174,2.0,,,Y3-2019-20,20.0,1590.0,81447.0,-159250.47666666668,0.15601680452290861,1.1514576920357247,0.38730360914841044,18.0,7.0,1011.0,884.0
175,4.75,M,Suisse.Autres,Y3-2019-20,68.0,75054.0,212747.0,-64960.298333333325,0.27446188470390653,0.8,0.3341117155529484,59.0,30.0,4546.0,4212.0
176,3.0,M,Suisse.PAM,Y3-2019-20,24.0,37048.0,26010.0,22786.169444444447,0.0,0.8171699766355139,0.07376254574181851,100.0,41.0,0.0,1463.0
177,3.75,M,Suisse.PAM,Y3-2019-20,37.0,5649.0,76013.0,-46906.01341991342,0.026485923704814264,0.9455357142857143,0.07433333333333333,99.0,62.0,53.0,342.0
178,5.0,M,France,Y3-2019-20,59.0,57838.0,103373.0,37207.42000777001,0.03837664501082792,0.9,0.028104575163398694,87.0,47.0,177.0,336.0
179,4.0,F,France,Y3-2019-20,53.0,45125.0,136292.0,-16654.541666666668,0.27380823193845255,1.2039875218467881,0.3112610459531062,27.0,11.0,2536.0,1624.0
180,5.75,,,Y3-2019-20,36.0,37530.0,81277.0,-32728.25,0.293697980941502,1.1057730501739595,0.2459047680174601,22.0,17.0,585.0,992.0
181,1.25,M,Suisse.Autres,Y3-2019-20,41.0,20103.0,93379.0,24639.338217338216,0.011896551724137932,0.9487229326513216,0.3630936665873966,80.0,43.0,587.0,1845.0
182,5.75,,,Y3-2019-20,40.0,38315.0,97035.0,-9613.7,0.16282496506848618,0.6,0.2542344406365825,20.0,11.0,410.0,1532.0
183,3.75,M,France,Y3-2019-20,61.0,56271.0,138567.0,-73877.68083333333,0.2197825407024379,1.1929735038392233,0.3939124177086294,95.0,49.0,2379.0,2939.0
184,4.25,F,Suisse.Autres,Y3-2019-20,36.0,13777.0,97689.0,-5717.45,0.2853219988645133,0.8740636298661014,0.3387504925153954,3.0,2.0,888.0,1669.0
185,5.5,,,Y3-2019-20,44.0,48271.0,115397.0,-63182.99392857142,0.1110988893308448,1.2268800754284315,0.3077369062757058,27.0,17.0,1083.0,1479.0
186,6.0,M,Suisse.PAM,Y3-2019-20,20.0,21179.0,69598.0,-51228.5452991453,0.11359879584017514,0.9250602409638553,0.2353657018222573,107.0,56.0,603.0,789.0
187,5.0,,,Y3-2019-20,31.0,39341.0,91515.0,-30212.892532467533,0.2571787065650848,0.7058,0.2364463335477936,44.0,23.0,1250.0,752.0
188,2.0,,,Y3-2019-20,25.0,14498.0,45958.0,19365.035,0.0016666666666666666,1.0911154809918193,0.27551444756964305,33.0,17.0,25.0,833.0
189,4.0,M,Suisse.Autres,Y3-2019-20,34.0,15309.0,59409.0,9784.946666666669,0.25184834453521543,1.0628858567057478,0.24605908095109,45.0,24.0,1009.0,589.0
190,2.75,M,Suisse.Autres,Y3-2019-20,55.0,41746.0,135547.0,-32679.97455044955,0.11234489897908188,0.8855720828519559,0.29219140803712,121.0,58.0,813.0,1582.0
191,5.0,M,France,Y3-2019-20,78.0,11286.0,186064.0,-31843.059523809527,0.05661533178988738,1.0254725294824811,0.3273398790203126,68.0,40.0,830.0,1529.0
192,5.75,M,Suisse.Autres,Y3-2019-20,19.0,3948.0,21770.0,-13293.45,0.013333333333333332,1.5854831376806762,0.08500736243674424,39.0,31.0,50.0,1013.0
193,3.75,,,Y3-2019-20,39.0,6244.0,134724.0,12837.198843101343,0.020559006211180127,0.9115227732962914,0.37438839405444074,55.0,36.0,329.0,1488.0
194,3.75,M,Etranger.Autres,Y3-2019-20,27.0,34499.0,99332.0,-8585.1,0.29564415071375877,0.9104383035881926,0.2776319499725957,23.0,10.0,882.0,1004.0
195,4.75,M,France,Y3-2019-20,24.0,3173.0,71034.0,-5185.511264568764,0.013333333333333332,0.9109477124183007,0.19260708869018978,18.0,11.0,65.0,2429.0
196,2.25,M,Suisse.PAM,Y3-2019-20,24.0,392.0,31800.0,-2611.4914285714285,0.0,1.087148439085632,0.15535793191387287,7.0,3.0,0.0,570.0
197,3.75,F,France,Y3-2019-20,25.0,26246.0,117945.0,-9589.198484848484,0.2528687526984807,0.8002820537361316,0.23571726126893933,52.0,16.0,1374.0,961.0
198,4.25,M,France,Y3-2019-20,15.0,2473.0,26547.0,40461.365476190476,0.12011494252873564,1.4412023526100701,0.19021866403640322,21.0,8.0,196.0,408.0
199,5.25,,,Y3-2019-20,28.0,24755.0,87234.0,-52163.94833333333,0.20441226665578777,1.4738068037133512,0.27394584080039674,29.0,19.0,1302.0,689.0
200,5.5,M,France,Y3-2019-20,55.0,76935.0,124299.0,17323.710850260853,0.1521400014278575,1.2502535778812194,0.25977663467636974,91.0,56.0,1345.0,2448.0
201,4.75,F,France,Y3-2019-20,41.0,45574.0,124578.0,-62900.60518648019,0.11802122748149735,1.4852866461288041,0.3059682545324152,69.0,43.0,1069.0,2164.0
202,3.25,,,Y3-2019-20,39.0,22402.0,87240.0,-619.0226190476199,0.007877846790890269,0.9,0.08173483379365731,81.0,46.0,37.0,394.0
203,3.5,,,Y3-2019-20,44.0,33483.0,92764.0,-43072.05,0.27004718729070837,0.8,0.012454212454212455,2.0,1.0,376.0,66.0
204,5.25,M,France,Y3-2019-20,47.0,54112.0,91235.0,-13978.9,0.25591746643684965,0.9318667478291284,0.19686747103661792,5.0,3.0,1277.0,285.0
205,4.25,M,Suisse.PAM,Y3-2019-20,39.0,10982.0,96759.0,47813.4253968254,0.01619047619047619,0.9002582644628099,0.3151887725889223,106.0,71.0,370.0,1658.0
206,3.75,M,Suisse.PAM,Y3-2019-20,38.0,29933.0,85680.0,47769.344769119765,0.0014492753623188406,1.3218332902660728,0.25923450007678184,156.0,83.0,189.0,1497.0
207,5.25,F,Suisse.Autres,Y3-2019-20,27.0,12483.0,104934.0,39269.4170970696,0.10476190476190476,0.9174416433239964,0.34449080036390956,126.0,75.0,211.0,2080.0
208,3.0,M,France,Y3-2019-20,47.0,27924.0,87988.0,51450.26285714286,0.0841304347826087,1.1768526269951594,0.3159584408856838,89.0,46.0,494.0,1071.0
209,4.0,M,Suisse.PAM,Y3-2019-20,34.0,230.0,107193.0,112506.81651098901,0.03785714285714285,1.4944982507493558,0.20746107250268767,5.0,1.0,1102.0,1752.0
210,3.0,M,Suisse.PAM,Y3-2019-20,35.0,16278.0,151041.0,-38672.82215423466,0.008333333333333333,0.9,0.2867442901494729,121.0,62.0,142.0,3477.0
211,5.5,,,Y3-2019-20,51.0,51794.0,158050.0,-47466.38916666667,0.15676321703094032,1.3625323369849602,0.38858393211528297,69.0,49.0,1810.0,3475.0
212,4.0,F,France,Y3-2019-20,25.0,20325.0,65666.0,-52752.44955128206,0.13967861307441515,0.9202777777777778,0.25694572892137685,10.0,6.0,361.0,1112.0
213,2.0,M,Suisse.Autres,Y3-2019-20,28.0,4635.0,83889.0,114945.3526984127,0.0460438318255838,1.151891880442593,0.3413588721310177,40.0,17.0,1710.0,2972.0
214,4.0,,,Y3-2019-20,33.0,14269.0,125607.0,-55178.01342712843,0.19698060833528813,1.1603775757709385,0.21183009368485836,91.0,47.0,629.0,1395.0
215,5.75,,,Y3-2019-20,53.0,10127.0,146995.0,-17803.01765873016,0.024861973775017254,1.0131469807564697,0.3921838775234111,77.0,43.0,171.0,1935.0
216,3.75,M,France,Y3-2019-20,31.0,24997.0,105936.0,-41269.369206349205,0.06320732490897409,1.3259660359107186,0.29037183139322553,72.0,33.0,1099.0,2648.0
217,2.5,F,Etranger.Autres,Y3-2019-20,6.0,4624.0,8758.0,-1468.6666666666665,0.010144927536231885,0.1,0.03333333333333333,20.0,7.0,0.0,187.0
218,1.75,F,Suisse.Autres,Y3-2019-20,24.0,21661.0,55464.0,26698.228174603173,0.0,0.9988470049831373,0.128697787758734,62.0,25.0,339.0,949.0
219,5.75,M,France,Y3-2019-20,34.0,26143.0,79784.0,61662.96095238094,0.05608022519352568,1.2587730558917425,0.06987494229181664,85.0,56.0,1018.0,1113.0
220,4.25,M,France,Y3-2019-20,41.0,24062.0,191142.0,134268.23526251526,0.0,1.7602590572544383,0.35476957439266626,110.0,50.0,2401.0,4630.0
221,5.25,M,Suisse.PAM,Y3-2019-20,42.0,57537.0,83598.0,-32333.972606560106,0.032463768115942024,1.003280234006672,0.2093649155545489,113.0,70.0,183.0,1440.0
222,2.0,F,Suisse.Autres,Y3-2019-20,74.0,76917.0,236729.0,14734.114646464644,0.15339627805145045,0.8619287651052379,0.35727585618340646,87.0,43.0,1219.0,5056.0
223,2.0,M,Suisse.PAM,Y3-2019-20,73.0,32057.0,122126.0,39307.613737373744,0.02193836755091842,1.024549180327869,0.23862179465173722,120.0,61.0,440.0,1293.0
224,2.5,M,Suisse.PAM,Y3-2019-20,46.0,10663.0,134065.0,13206.891648629151,0.0,0.8985489586116518,0.260543771798981,98.0,37.0,366.0,2964.0
225,5.5,F,France,Y3-2019-20,43.0,33419.0,130110.0,-56551.36,0.283061496462653,0.8723366386981948,0.3787302039093727,17.0,11.0,1766.0,622.0
226,5.25,F,France,Y3-2019-20,28.0,37335.0,58639.0,-22578.554285714286,0.26958126378987374,1.3618645733066097,0.2168386854418533,30.0,16.0,1026.0,692.0
227,5.0,F,Suisse.Autres,Y3-2019-20,68.0,88459.0,124016.0,-28384.228571428568,0.26679321903674014,1.2269574545555562,0.22152913349197992,38.0,17.0,1015.0,1207.0
228,5.75,F,France,Y3-2019-20,22.0,12175.0,58317.0,3077.7611111111096,0.01,1.6027337922573603,0.20056170478745866,112.0,62.0,292.0,1597.0
229,4.5,F,Suisse.PAM,Y3-2019-20,18.0,2054.0,69327.0,19094.331764069262,0.0047619047619047615,0.9,0.22730745700702082,8.0,5.0,0.0,1715.0
232,3.75,,,Y3-2019-20,10.0,9521.0,26699.0,-7326.591666666667,0.011428571428571429,0.9728225894371315,0.10538177963722824,19.0,13.0,125.0,609.0
233,5.0,M,Suisse.PAM,Y3-2019-20,17.0,12798.0,35089.0,79484.7,0.0,0.576833084442031,0.03641843651433678,0.0,0.0,800.0,414.0
234,5.5,M,Suisse.PAM,Y3-2019-20,43.0,42642.0,68459.0,39380.53080808081,0.03232074438970991,1.1716377597536456,0.30668439935507835,116.0,67.0,107.0,1175.0
235,2.5,M,France,Y3-2019-20,18.0,13617.0,50235.0,8544.6,0.0,0.7000712250712251,0.1473513837723832,2.0,1.0,79.0,733.0
236,3.0,M,Suisse.Autres,Y3-2019-20,44.0,27778.0,105533.0,79758.01428571428,0.02988113086313986,1.0330893406565709,0.24831178101652146,95.0,54.0,790.0,1719.0
237,2.5,M,Suisse.Autres,Y3-2019-20,31.0,15333.0,126926.0,43055.41172438672,0.012008281573498964,0.9007289382015223,0.28370466493565877,157.0,68.0,71.0,4097.0
238,5.75,M,France,Y3-2019-20,43.0,67065.0,124487.0,-56683.505000000005,0.21990331364929777,1.0425782540443647,0.21982315796684943,35.0,26.0,1563.0,799.0
239,3.0,F,France,Y3-2019-20,44.0,50853.0,78708.0,-1578.425,0.21676272408013678,1.5932427259077953,0.28409059489563926,32.0,17.0,1925.0,573.0
240,5.25,M,Suisse.PAM,Y3-2019-20,42.0,41837.0,109150.0,-35388.24333333333,0.26944628026122996,1.0936430613725874,0.2570945006680533,33.0,11.0,2373.0,1218.0
241,1.25,,,Y3-2019-20,10.0,3520.0,19181.0,-10069.5,0.0,0.39025413641233186,0.03434927618506954,0.0,0.0,0.0,398.0
242,4.5,F,Suisse.Autres,Y3-2019-20,36.0,41789.0,40841.0,-42533.11083333333,0.15191405997681434,1.5246847642836567,0.15550465590355858,55.0,31.0,125.0,986.0
243,5.5,M,Suisse.PAM,Y3-2019-20,33.0,11725.0,61678.0,-58599.21833333334,0.2360375254549596,0.8712858590577419,0.21489838955043025,11.0,6.0,508.0,576.0
244,2.75,M,France,Y3-2019-20,52.0,57341.0,166210.0,8404.935454545452,0.1991461412151067,1.3818720873298795,0.2273148141925017,53.0,27.0,1867.0,1872.0
245,3.25,,,Y3-2019-20,39.0,33277.0,104007.0,0.0,0.20472972697324807,0.8505301152248815,0.2001992383585407,0.0,0.0,900.0,910.0
246,2.75,M,Suisse.Autres,Y3-2019-20,40.0,44377.0,131538.0,88361.33591269841,0.0047619047619047615,1.3544904197590664,0.3370964830813629,142.0,66.0,429.0,2078.0
247,3.0,F,Suisse.Autres,Y3-2019-20,59.0,87987.0,167693.0,-12106.919163059161,0.04619047619047619,1.5523332197094273,0.28000139939610014,136.0,63.0,839.0,1896.0
248,4.0,F,Suisse.PAM,Y3-2019-20,32.0,31948.0,97744.0,-23917.975,0.26790784879669005,0.8,0.3268686392506702,35.0,10.0,1454.0,455.0
249,5.75,M,France,Y3-2019-20,34.0,47919.0,110753.0,20189.4,0.28607893332245443,1.0558452872541566,0.2967811747980962,0.0,0.0,1500.0,605.0
250,5.75,F,France,Y3-2019-20,35.0,65210.0,80385.0,-10559.7,0.28874997875212055,1.1475428624421802,0.1837242625845563,3.0,2.0,676.0,715.0
251,4.0,M,Suisse.Autres,Y3-2019-20,50.0,23586.0,112867.0,33999.92733766233,0.06674094925326453,1.2023146446473632,0.33609930320658676,102.0,51.0,517.0,1593.0
252,5.75,M,Suisse.Autres,Y3-2019-20,22.0,20029.0,86979.0,9611.67293956044,0.034876847290640396,1.229562183360102,0.31477701684592047,91.0,75.0,0.0,1540.0
253,4.25,F,France,Y3-2019-20,24.0,886.0,67838.0,0.0,0.0,1.1958441952463017,0.2067943563760314,0.0,0.0,521.0,781.0
254,5.25,M,France,Y3-2019-20,6.0,3523.0,2080.0,41978.65,0.0,0.4,0.05833333333333333,19.0,12.0,9.0,63.0
255,4.75,,,Y3-2019-20,18.0,816.0,72196.0,-2479.9,0.18380823193845255,0.9,0.0893182897349564,0.0,0.0,142.0,108.0
256,4.75,M,Suisse.Autres,Y3-2019-20,75.0,89391.0,124077.0,24145.829999999998,0.13038533454361254,0.9829629600811256,0.25903457531351715,79.0,44.0,870.0,503.0
257,4.75,F,Suisse.PAM,Y3-2019-20,38.0,51075.0,99284.0,-23676.170000000002,0.18727523993105488,0.9034625404620658,0.2161678169070665,25.0,15.0,642.0,1249.0
258,4.25,M,France,Y3-2019-20,40.0,73001.0,142129.0,12443.5,0.22621850639306196,0.8139627659574469,0.3565256726504475,11.0,7.0,2186.0,838.0
259,5.5,M,France,Y3-2019-20,40.0,77699.0,16409.0,21132.7,0.049274376417233555,0.6751311459543166,0.06501218646348829,9.0,6.0,274.0,411.0
260,3.5,M,France,Y3-2019-20,38.0,24888.0,67163.0,17674.504166666666,0.22889776200335205,1.3202893568750265,0.23246130825805067,80.0,32.0,914.0,777.0
261,3.75,F,Suisse.PAM,Y3-2019-20,27.0,16609.0,56169.0,7769.6,0.18104335587308387,0.7843282219381968,0.17267940552906128,23.0,15.0,360.0,1272.0
262,5.0,F,France,Y3-2019-20,17.0,23584.0,1281.0,0.0,0.09316425120772946,0.5,0.013043478260869565,0.0,0.0,106.0,260.0
263,4.25,M,Suisse.PAM,Y3-2019-20,42.0,71269.0,75920.0,6975.7,0.1858490482649832,1.6543457106923605,0.12947198645770341,17.0,14.0,1243.0,601.0
264,4.75,F,France,Y3-2019-20,52.0,43186.0,72030.0,-60109.15166666666,0.22125491675930742,1.1928004484787607,0.22636957134661134,42.0,27.0,688.0,1562.0
265,4.0,F,France,Y3-2019-20,33.0,7644.0,119305.0,2910.85,0.2793790689689169,1.0864034798884314,0.3463379841831274,0.0,0.0,2523.0,881.0
266,2.5,,,Y3-2019-20,11.0,0.0,2888.0,-36051.58,0.1616305452715819,0.7,0.0058823529411764705,0.0,0.0,49.0,37.0
267,5.5,M,Suisse.Autres,Y3-2019-20,30.0,15547.0,74328.0,-59544.97222222221,0.08151680962239967,1.317960065295964,0.2530591500831753,21.0,14.0,417.0,424.0
268,5.25,M,France,Y3-2019-20,47.0,56768.0,129727.0,-23765.875,0.22084083808435923,1.0,0.3565562596045571,30.0,15.0,1495.0,769.0
269,5.5,M,France,Y3-2019-20,34.0,28808.0,71383.0,0.0,0.2921958748516898,0.9001315789473685,0.2388877443245378,0.0,0.0,1012.0,401.0
270,5.25,F,France,Y3-2019-20,16.0,0.0,82604.0,3731.019191919193,0.10435163370695606,0.8854704020298929,0.187242771586657,0.0,0.0,909.0,770.0
271,4.25,F,France,Y3-2019-20,31.0,37407.0,58312.0,2802.9,0.2887475989896208,1.497446457968169,0.22193742947921233,10.0,7.0,1067.0,104.0
272,4.75,M,Suisse.Autres,Y3-2019-20,15.0,5835.0,78920.0,29212.0,0.3004060554756635,0.8134281313673032,0.14410073344740915,0.0,0.0,1989.0,0.0
273,4.0,F,France,Y3-2019-20,27.0,27926.0,65038.0,-47716.37333333334,0.22385514725630382,1.2141816870627997,0.2372124269325624,26.0,17.0,1363.0,491.0
274,5.0,M,Suisse.PAM,Y3-2019-20,16.0,8728.0,80000.0,-20788.47272727273,0.27517617041819226,0.699453125,0.2601704427106165,20.0,10.0,922.0,949.0
275,4.25,M,France,Y3-2019-20,21.0,28865.0,13262.0,0.0,0.2850557034407966,0.992578222778473,0.03365427021872579,0.0,0.0,112.0,290.0
276,3.5,F,Suisse.Autres,Y3-2019-20,30.0,4606.0,62568.0,-11931.746666666666,0.20881956980693328,0.9194444444444445,0.1395586354747477,6.0,3.0,356.0,154.0
277,4.25,M,Suisse.PAM,Y3-2019-20,33.0,0.0,70872.0,-10994.269871794872,0.125429955090482,0.8247415649975466,0.2992000604154271,0.0,0.0,468.0,758.0
278,3.25,M,Suisse.PAM,Y3-2019-20,15.0,12222.0,47486.0,30090.9,0.16443220566587455,1.154989302107484,0.15156855708483677,0.0,0.0,1235.0,6.0
279,4.75,M,France,Y3-2019-20,36.0,41498.0,70654.0,52646.1,0.1902469683525584,1.5519037319286606,0.1773947560141308,19.0,11.0,705.0,751.0
280,5.5,M,France,Y3-2019-20,42.0,61091.0,117531.0,3728.05,0.29046668842449525,1.531909164189331,0.34720568935776275,12.0,8.0,2429.0,689.0
281,5.75,M,Suisse.PAM,Y3-2019-20,22.0,26003.0,30718.0,-69623.27270007771,0.02669082125603865,1.7176853441920332,0.08681992259025076,109.0,67.0,206.0,1226.0
282,3.25,,,Y3-2019-20,7.0,0.0,34179.0,-31040.360000000004,0.11014492753623188,0.6,0.09281699443056385,0.0,0.0,320.0,593.0
283,4.0,M,Suisse.PAM,Y3-2019-20,9.0,5875.0,16905.0,60857.1,0.0,0.5333333333333333,0.13392869875222815,2.0,2.0,23.0,210.0
284,1.5,M,France,Y3-2019-20,6.0,3839.0,10932.0,6586.75,0.005,0.1,0.02558139534883721,8.0,4.0,58.0,20.0
285,4.0,F,France,Y3-2019-20,18.0,21114.0,21304.0,23125.010000000002,0.0016666666666666666,0.8399165443873808,0.06132075471698114,51.0,26.0,70.0,212.0
286,4.5,M,France,Y3-2019-20,19.0,22248.0,24081.0,4812.464285714285,0.023393150363593712,1.1379147637374845,0.17103556072840848,65.0,41.0,205.0,467.0
287,2.25,,,Y3-2019-20,22.0,5584.0,59501.0,44272.62045454546,0.0047619047619047615,0.7230245672618236,0.2842620068538911,70.0,39.0,396.0,1218.0
289,5.0,F,France,Y3-2019-20,20.0,7539.0,42770.0,-18135.283333333333,0.2674145750254125,1.3121713687701742,0.07693870243061099,3.0,1.0,1007.0,385.0
290,3.75,M,Suisse.PAM,Y3-2019-20,35.0,74578.0,82881.0,0.0,0.0,1.533309336915191,0.3044739633612731,0.0,0.0,284.0,1693.0
291,5.5,M,France,Y3-2019-20,40.0,68983.0,56572.0,-5626.1,0.15708890452732818,1.0487385773306936,0.1923804721509419,32.0,17.0,1315.0,157.0
292,4.0,F,France,Y3-2019-20,11.0,14509.0,14187.0,36358.1125,0.0,0.6388564863909509,0.02216117216117216,17.0,7.0,227.0,352.0
293,5.25,M,France,Y3-2019-20,35.0,81275.0,1134.0,0.0,0.01,0.2466981132075472,0.06573426573426573,50.0,34.0,289.0,206.0
294,5.25,F,France,Y3-2019-20,22.0,24524.0,46231.0,16834.9,0.08676518883415434,0.8002156720129024,0.19190739670664836,33.0,14.0,364.0,713.0
296,6.0,F,France,Y3-2019-20,9.0,16432.0,19324.0,-12860.522222222222,0.12148526077097506,0.3596628501712731,0.028496917970602182,12.0,9.0,4.0,312.0
297,5.0,M,Suisse.PAM,Y3-2019-20,14.0,27186.0,3603.0,0.0,0.0,0.1,0.029411764705882353,7.0,6.0,20.0,153.0
298,4.0,M,France,Y3-2019-20,9.0,1.0,19549.0,0.0,0.0,0.3113970588235294,0.08770200387847446,0.0,0.0,159.0,33.0
